station-num,station-region,typhoon,date,wind-avg-speed,wind-avg-strength,wind-moment-speed,wind-moment-strength,daily-rain,type
1,基隆,天鵝,2015/8/23,12.3,6,18.4,8,21.2,4
1,基隆,天鵝,2015/8/22,8.3,5,17.1,7,17.3,4
1,基隆,天鵝,2015/8/21,6.2,4,10.8,6,7.5,4
1,基隆,蘇迪勒,2015/8/9,11.9,6,30.9,11,11.7,1
1,基隆,蘇迪勒,2015/8/8,23.6,9,45.7,14,317,3
1,基隆,蘇迪勒,2015/8/7,14.5,7,25.2,10,9.5,3
1,基隆,昌鴻,2015/7/11,12.1,6,25.4,10,0,1
1,基隆,昌鴻,2015/7/10,10,5,19.4,8,42.4,2
1,基隆,蓮花,2015/7/9,9.4,5,15.1,7,29.7,4
1,基隆,蓮花,2015/7/8,6.5,4,15.4,7,5.5,4
1,基隆,蓮花,2015/7/7,5.5,4,11.9,6,0,4
1,基隆,紅霞,2015/5/11,4.6,3,9.7,5,0,4
1,基隆,鳳凰,2014/9/22,8.2,5,16.1,7,46,4
1,基隆,鳳凰,2014/9/21,10.9,6,21.7,9,47.3,2
1,基隆,鳳凰,2014/9/20,6.1,4,11.5,6,0.1,4
1,基隆,麥德姆,2014/7/23,12.7,6,32.4,11,57.9,3
1,基隆,麥德姆,2014/7/22,8.9,5,17.3,8,51.5,4
1,基隆,哈吉貝,2014/6/15,4.5,3,8.1,5,3.7,4
1,基隆,菲特,2013/10/7,6.5,4,11.8,6,1.3,4
1,基隆,菲特,2013/10/6,11.3,6,23.7,9,28.8,4
1,基隆,菲特,2013/10/5,9.8,5,16.7,7,2.9,4
1,基隆,天兔,2013/9/22,8.5,5,20.1,8,47,4
1,基隆,天兔,2013/9/21,10.2,5,21.6,9,43.5,4
1,基隆,天兔,2013/9/20,7.7,4,15.1,7,16.5,4
1,基隆,康芮,2013/8/29,10.9,6,19.8,8,47.4,4
1,基隆,康芮,2013/8/28,6.9,4,11,6,1.9,4
1,基隆,潭美,2013/8/22,5.3,3,8.5,5,53.5,4
1,基隆,潭美,2013/8/21,10.5,5,17.6,8,81.8,2
1,基隆,西馬隆,2013/7/18,5.3,3,11.7,6,0,4
1,基隆,蘇力,2013/7/13,29.8,11,50,15,69.1,3
1,基隆,蘇力,2013/7/12,24.2,9,39,13,6.7,3
1,基隆,杰拉華,2012/9/28,14.4,7,23.6,9,4.8,1
1,基隆,天秤,2012/8/28,6.5,4,14,7,27.5,4
1,基隆,天秤,2012/8/27,4.5,3,9,5,1,4
1,基隆,天秤,2012/8/25,5.6,4,10.4,5,4.3,4
1,基隆,天秤,2012/8/24,6.8,4,14.3,7,6.6,4
1,基隆,天秤,2012/8/23,7.2,4,12.4,6,10,4
1,基隆,天秤,2012/8/22,7.1,4,12.4,6,4.5,4
1,基隆,啟德,2012/8/15,5.5,4,10.1,5,3.2,4
1,基隆,海葵,2012/8/7,10.2,5,17.7,8,1.8,4
1,基隆,蘇拉,2012/8/3,10.5,5,19.9,8,0.3,4
1,基隆,蘇拉,2012/8/2,14.7,7,26.7,10,203.5,3
1,基隆,蘇拉,2012/8/1,19.4,8,32.8,12,56.5,3
1,基隆,蘇拉,2012/7/31,11.8,6,21.5,9,24.6,4
1,基隆,杜蘇芮,2012/6/29,8.9,5,17.1,7,0,4
1,基隆,泰利,2012/6/21,4.8,3,8,5,8.5,4
1,基隆,泰利,2012/6/20,10.3,5,18.4,8,18.6,2
1,基隆,南瑪都,2011/8/31,5.3,3,8.6,5,0,4
1,基隆,南瑪都,2011/8/30,6.8,4,13.9,7,3.4,4
1,基隆,南瑪都,2011/8/29,8.4,5,20.3,8,30.3,2
1,基隆,南瑪都,2011/8/28,9.1,5,19.3,8,30.2,4
1,基隆,梅花,2011/8/6,8.2,5,14.7,7,0,4
1,基隆,梅花,2011/8/5,7.3,4,13.5,6,3.5,4
1,基隆,米雷,2011/6/25,11.1,6,22.6,9,92.3,4
1,基隆,米雷,2011/6/24,8.7,5,15.4,7,14.9,4
1,基隆,桑達,2011/5/28,13.7,6,21.2,9,45.3,4
1,基隆,艾利,2011/5/10,6.4,4,13.8,6,0,4
1,基隆,梅姬,2010/10/23,7.3,4,18.6,8,1.8,4
1,基隆,梅姬,2010/10/22,10.7,5,20.5,8,53,4
1,基隆,凡那比,2010/9/20,11.8,6,26.6,10,0,1
1,基隆,凡那比,2010/9/19,15.7,7,28.8,11,53,3
1,基隆,凡那比,2010/9/18,12.6,6,22.3,9,1.2,4
1,基隆,莫蘭蒂,2010/9/10,6.1,4,12.4,6,0.4,4
1,基隆,萊羅克,2010/9/2,6.6,4,14.6,7,0,4
1,基隆,萊羅克,2010/9/1,8.3,5,18.4,8,0,4
1,基隆,南修,2010/8/31,6.1,4,9.4,5,76,4
1,基隆,芭瑪,2009/10/6,10.8,6,18.2,8,20,4
1,基隆,芭瑪,2009/10/5,11,6,18.6,8,153.5,4
1,基隆,芭瑪,2009/10/4,11.1,6,19.8,8,144,4
1,基隆,莫拉克,2009/8/10,4.2,3,6.8,4,3.5,4
1,基隆,莫拉克,2009/8/9,7.4,4,12.3,6,20.3,4
1,基隆,莫拉克,2009/8/8,12.4,6,31.6,11,27,3
1,基隆,莫拉克,2009/8/7,20,8,30.1,11,32.3,3
1,基隆,莫拉克,2009/8/6,12.8,6,20.1,8,79,4
1,基隆,莫拉菲,2009/7/18,12.4,6,26.9,10,4.6,1
1,基隆,蓮花,2009/6/22,6.7,4,12,6,0,4
1,基隆,蓮花,2009/6/21,4.9,3,8.2,5,0.6,4
1,基隆,薔密,2008/9/29,11,6,19.6,8,94.5,2
1,基隆,薔密,2008/9/28,21,9,34.9,12,178.5,3
1,基隆,薔密,2008/9/27,11.1,6,19.8,8,19.3,4
1,基隆,哈格比,2008/9/23,7.7,4,19.2,8,4.5,4
1,基隆,哈格比,2008/9/22,7.9,4,14.5,7,2.3,4
1,基隆,辛樂克,2008/9/16,7,4,13.5,6,0,4
1,基隆,辛樂克,2008/9/15,9.5,5,20.1,8,122.9,4
1,基隆,辛樂克,2008/9/14,19.3,8,31.5,11,178,3
1,基隆,辛樂克,2008/9/13,23.6,9,39.6,13,152,3
1,基隆,辛樂克,2008/9/12,15.4,7,26.7,10,17.1,3
1,基隆,如麗,2008/8/21,9,5,18.1,8,0,4
1,基隆,如麗,2008/8/20,8.3,5,16.4,7,0,4
1,基隆,鳳凰,2008/7/29,10.6,5,23.9,9,4.3,4
1,基隆,鳳凰,2008/7/28,15.3,7,39.4,13,136.8,3
1,基隆,鳳凰,2008/7/27,13.9,7,23.4,9,4,1
1,基隆,卡玫基,2008/7/18,12.3,6,27.5,10,12.7,1
1,基隆,卡玫基,2008/7/17,10,5,16.1,7,19.6,2
1,基隆,米塔,2007/11/27,14.8,7,22.4,9,125,1
1,基隆,柯羅莎,2007/10/7,5.9,4,11.8,6,34.9,2
1,基隆,柯羅莎,2007/10/6,31.5,11,49.6,15,166.5,3
1,基隆,柯羅莎,2007/10/5,14.8,7,23.6,9,4.4,1
1,基隆,韋帕,2007/9/19,7,4,12.2,6,21,4
1,基隆,韋帕,2007/9/18,14.3,7,26.6,10,96,3
1,基隆,聖帕,2007/8/19,11.2,6,24.7,10,10,1
1,基隆,聖帕,2007/8/18,12.9,6,31.1,11,81,3
1,基隆,聖帕,2007/8/17,9.4,5,15.8,7,13.5,2
1,基隆,梧提,2007/8/9,7.4,4,15.9,7,4.7,4
1,基隆,帕布,2007/8/8,8.5,5,19.8,8,63.5,4
1,基隆,帕布,2007/8/7,6.4,4,13,6,43.7,4
1,基隆,珊珊,2006/9/16,13.1,6,21.8,9,23.5,4
1,基隆,珊珊,2006/9/15,10.2,5,17.1,7,16,4
1,基隆,桑美,2006/8/10,6.8,4,12.3,6,44.5,4
1,基隆,寶發,2006/8/9,9,5,15,7,6.1,4
1,基隆,寶發,2006/8/8,7.2,4,12.3,6,7.5,4
1,基隆,凱米,2006/7/26,5,3,12.5,6,9.1,4
1,基隆,凱米,2006/7/25,10.7,5,24,9,8.7,4
1,基隆,凱米,2006/7/24,7.6,4,18.8,8,9,4
1,基隆,碧利斯,2006/7/15,5,3,10.2,5,3.5,4
1,基隆,碧利斯,2006/7/14,7.7,4,13.6,6,6,4
1,基隆,碧利斯,2006/7/13,15.5,7,28.4,10,35,1
1,基隆,艾維尼,2006/7/9,6.3,4,11.3,6,1,4
1,基隆,艾維尼,2006/7/8,6.7,4,15.8,7,0.4,4
1,基隆,珍珠,2006/5/18,8.2,5,15.8,7,0,4
1,基隆,珍珠,2006/5/17,5.7,4,11.7,6,59.4,4
2,臺北,天鵝,2015/8/23,5.8,4,11.2,6,23,4
2,臺北,天鵝,2015/8/22,7.1,4,15.1,7,4,4
2,臺北,天鵝,2015/8/21,6.3,4,12.9,6,1.9,4
2,臺北,蘇迪勒,2015/8/9,6.9,4,13.2,6,4,4
2,臺北,蘇迪勒,2015/8/8,15.9,7,39.2,13,306.7,3
2,臺北,蘇迪勒,2015/8/7,9.6,5,25.5,10,16.2,3
2,臺北,昌鴻,2015/7/11,7.8,4,17.6,8,0,4
2,臺北,昌鴻,2015/7/10,7,4,19,8,91,2
2,臺北,蓮花,2015/7/9,6.7,4,12.7,6,22.2,4
2,臺北,蓮花,2015/7/8,7.7,4,17.2,8,0,4
2,臺北,蓮花,2015/7/7,5.7,4,13.1,6,0,4
2,臺北,紅霞,2015/5/11,3.3,2,8.8,5,0.9,4
2,臺北,鳳凰,2014/9/22,5.4,3,11.9,6,97.5,4
2,臺北,鳳凰,2014/9/21,9.3,5,18.6,8,67.5,2
2,臺北,鳳凰,2014/9/20,7,4,12.9,6,0,4
2,臺北,麥德姆,2014/7/23,11.3,6,26.5,10,45.5,3
2,臺北,麥德姆,2014/7/22,7.9,4,20.2,8,29.5,4
2,臺北,哈吉貝,2014/6/15,2.3,2,5.6,4,3.5,4
2,臺北,菲特,2013/10/7,4.3,3,8.2,5,0,4
2,臺北,菲特,2013/10/6,8.6,5,21.2,9,51.5,4
2,臺北,菲特,2013/10/5,5.1,3,11.2,6,28,4
2,臺北,天兔,2013/9/22,8.2,5,19.1,8,14.7,4
2,臺北,天兔,2013/9/21,9.2,5,20.9,9,43.5,4
2,臺北,天兔,2013/9/20,7.2,4,15.6,7,26.5,4
2,臺北,康芮,2013/8/29,6.3,4,15.2,7,64.5,4
2,臺北,康芮,2013/8/28,6.4,4,12.4,6,0,4
2,臺北,潭美,2013/8/22,4.7,3,9.1,5,39,4
2,臺北,潭美,2013/8/21,6.9,4,14.7,7,219.5,2
2,臺北,西馬隆,2013/7/18,8,5,14.9,7,0,4
2,臺北,蘇力,2013/7/13,14.7,7,33.8,12,63.5,3
2,臺北,蘇力,2013/7/12,8.6,5,23.5,9,27,2
2,臺北,杰拉華,2012/9/28,6.6,4,16.6,7,4,4
2,臺北,天秤,2012/8/28,5.6,4,11.5,6,7.3,4
2,臺北,天秤,2012/8/27,4.5,3,8.4,5,9.5,4
2,臺北,天秤,2012/8/25,7.1,4,14.7,7,0,4
2,臺北,天秤,2012/8/24,9.4,5,19.8,8,1,4
2,臺北,天秤,2012/8/23,7.1,4,15.1,7,12.5,4
2,臺北,天秤,2012/8/22,5.6,4,10.5,5,18.2,4
2,臺北,啟德,2012/8/15,6.9,4,13.7,6,0,4
2,臺北,海葵,2012/8/7,7,4,14.9,7,0.5,4
2,臺北,蘇拉,2012/8/3,6.5,4,13.5,6,11.5,4
2,臺北,蘇拉,2012/8/2,7.6,4,21.9,9,158,2
2,臺北,蘇拉,2012/8/1,7.8,4,22.2,9,89,2
2,臺北,蘇拉,2012/7/31,7.1,4,18.5,8,44,4
2,臺北,杜蘇芮,2012/6/29,10.3,5,20.6,8,0,4
2,臺北,泰利,2012/6/21,3.4,3,6.1,4,10.5,4
2,臺北,泰利,2012/6/20,6.1,4,12.3,6,15,2
2,臺北,南瑪都,2011/8/31,4.9,3,9.9,5,0,4
2,臺北,南瑪都,2011/8/30,6.1,4,12.8,6,5.5,4
2,臺北,南瑪都,2011/8/29,10.2,5,21.4,9,6.5,2
2,臺北,南瑪都,2011/8/28,8.6,5,18.3,8,28,4
2,臺北,梅花,2011/8/6,6,4,12.9,6,1.5,4
2,臺北,梅花,2011/8/5,5.4,3,12.9,6,14,4
2,臺北,米雷,2011/6/25,8.1,5,18.3,8,106.4,4
2,臺北,米雷,2011/6/24,8.2,5,15.4,7,11,4
2,臺北,桑達,2011/5/28,7.2,4,14.7,7,5.5,4
2,臺北,艾利,2011/5/10,4.9,3,9.4,5,0,4
2,臺北,梅姬,2010/10/23,7.1,4,13.4,6,0,4
2,臺北,梅姬,2010/10/22,8,5,14.5,7,31,4
2,臺北,凡那比,2010/9/20,10.1,5,21.9,9,1,4
2,臺北,凡那比,2010/9/19,11.4,6,27.9,10,64.6,3
2,臺北,凡那比,2010/9/18,4.8,3,11,6,7.7,4
2,臺北,莫蘭蒂,2010/9/10,5.1,3,9.2,5,0.5,4
2,臺北,萊羅克,2010/9/2,6.2,4,11.8,6,0,4
2,臺北,萊羅克,2010/9/1,6.8,4,14.6,7,0,4
2,臺北,南修,2010/8/31,6.2,4,12,6,47,4
2,臺北,芭瑪,2009/10/6,6.2,4,15.1,7,5.5,4
2,臺北,芭瑪,2009/10/5,9.7,5,20.9,9,97.5,4
2,臺北,芭瑪,2009/10/4,7.8,4,19.2,8,9.2,4
2,臺北,莫拉克,2009/8/10,3.4,3,6.7,4,2.5,4
2,臺北,莫拉克,2009/8/9,5,3,11.2,6,29,4
2,臺北,莫拉克,2009/8/8,8.8,5,21.6,9,10.5,2
2,臺北,莫拉克,2009/8/7,12.2,6,26.5,10,49.5,3
2,臺北,莫拉克,2009/8/6,6.4,4,18,8,66,4
2,臺北,莫拉菲,2009/7/18,9.5,5,19.4,8,0.1,4
2,臺北,蓮花,2009/6/22,7.1,4,15.4,7,0,4
2,臺北,蓮花,2009/6/21,3.9,3,6.5,4,0.1,4
2,臺北,薔密,2008/9/29,7.7,4,16.3,7,39.6,2
2,臺北,薔密,2008/9/28,14.5,7,37,13,160.1,3
2,臺北,薔密,2008/9/27,6.8,4,15,7,32,4
2,臺北,哈格比,2008/9/23,9.1,5,18.6,8,0.5,4
2,臺北,哈格比,2008/9/22,7.9,4,15.7,7,1.5,4
2,臺北,辛樂克,2008/9/16,5.1,3,12.3,6,0,4
2,臺北,辛樂克,2008/9/15,7.5,4,17.1,7,79,4
2,臺北,辛樂克,2008/9/14,8.8,5,23.5,9,282.5,2
2,臺北,辛樂克,2008/9/13,8.1,5,23.4,9,214.5,2
2,臺北,辛樂克,2008/9/12,6.8,4,18,8,16.5,2
2,臺北,如麗,2008/8/21,4.2,3,8.4,5,0,4
2,臺北,如麗,2008/8/20,7.6,4,15.4,7,0,4
2,臺北,鳳凰,2008/7/29,3.8,3,7.3,4,4.4,4
2,臺北,鳳凰,2008/7/28,10.2,5,23,9,89.5,2
2,臺北,鳳凰,2008/7/27,8.3,5,18.9,8,28.8,4
2,臺北,卡玫基,2008/7/18,5.2,3,10.3,5,29.5,4
2,臺北,卡玫基,2008/7/17,5.2,3,12.2,6,13.7,4
2,臺北,米塔,2007/11/27,4.8,3,11.4,6,61.5,4
2,臺北,柯羅莎,2007/10/7,5.7,4,10.8,6,32.5,2
2,臺北,柯羅莎,2007/10/6,12.6,6,35.2,12,220,3
2,臺北,柯羅莎,2007/10/5,8.2,5,18.7,8,8.6,4
2,臺北,韋帕,2007/9/19,3.2,2,8.6,5,22,4
2,臺北,韋帕,2007/9/18,8.8,5,20.5,8,95,2
2,臺北,聖帕,2007/8/19,4.7,3,10,5,5.1,4
2,臺北,聖帕,2007/8/18,13,6,30.4,11,80.3,3
2,臺北,聖帕,2007/8/17,7.6,4,16.8,7,45.2,2
2,臺北,梧提,2007/8/9,6.6,4,14,7,3,4
2,臺北,帕布,2007/8/8,7.5,4,17.4,8,13.4,4
2,臺北,帕布,2007/8/7,6,4,12.2,6,41.6,4
2,臺北,珊珊,2006/9/16,6.3,4,18.1,8,25.5,4
2,臺北,珊珊,2006/9/15,6.6,4,15.2,7,39,4
2,臺北,桑美,2006/8/10,4.1,3,8.7,5,38.5,4
2,臺北,寶發,2006/8/9,8.4,5,15.7,7,11.5,4
2,臺北,寶發,2006/8/8,5.1,3,12.5,6,16.4,4
2,臺北,凱米,2006/7/26,3.7,3,6.4,4,7.2,4
2,臺北,凱米,2006/7/25,11.7,6,26.4,10,5,1
2,臺北,凱米,2006/7/24,8.1,5,16.6,7,23.9,4
2,臺北,碧利斯,2006/7/15,2.7,2,5.2,3,6,4
2,臺北,碧利斯,2006/7/14,4.8,3,8.6,5,26.6,4
2,臺北,碧利斯,2006/7/13,8.3,5,18.3,8,60.9,4
2,臺北,艾維尼,2006/7/9,6.1,4,11.9,6,5.8,4
2,臺北,艾維尼,2006/7/8,7.5,4,14.2,7,0.4,4
2,臺北,珍珠,2006/5/18,5.1,3,11.1,6,0,4
2,臺北,珍珠,2006/5/17,7.1,4,13,6,61.6,4
3,板橋,天鵝,2015/8/23,5.1,3,12.5,6,21.5,4
3,板橋,天鵝,2015/8/22,5.7,4,12.4,6,0.5,4
3,板橋,天鵝,2015/8/21,5.7,4,11.8,6,0,4
3,板橋,蘇迪勒,2015/8/9,3.1,2,5.6,4,0.7,4
3,板橋,蘇迪勒,2015/8/8,19,8,36.7,12,236,3
3,板橋,蘇迪勒,2015/8/7,12,6,25.2,10,13.5,3
3,板橋,昌鴻,2015/7/11,9.3,5,17.9,8,0,4
3,板橋,昌鴻,2015/7/10,7.7,4,14.7,7,88,2
3,板橋,蓮花,2015/7/9,6.6,4,10.6,5,5.5,4
3,板橋,蓮花,2015/7/8,5,3,13.2,6,0,4
3,板橋,蓮花,2015/7/7,4.3,3,8.8,5,0,4
3,板橋,紅霞,2015/5/11,3.5,3,11.5,6,1,4
3,板橋,鳳凰,2014/9/22,5.8,4,11.7,6,85.5,4
3,板橋,鳳凰,2014/9/21,4.9,3,11.2,6,79.5,2
3,板橋,鳳凰,2014/9/20,6,4,13,6,0,4
3,板橋,麥德姆,2014/7/23,8.4,5,22.5,9,40,2
3,板橋,麥德姆,2014/7/22,7.3,4,16.3,7,25.5,4
3,板橋,哈吉貝,2014/6/15,2,2,4.7,3,2.5,4
3,板橋,菲特,2013/10/7,3.7,3,7.1,4,1.4,4
3,板橋,菲特,2013/10/6,6.8,4,16.1,7,17.5,4
3,板橋,菲特,2013/10/5,4.9,3,11.1,6,37.5,4
3,板橋,天兔,2013/9/22,6.6,4,15.7,7,4,4
3,板橋,天兔,2013/9/21,8.1,5,17.6,8,31,4
3,板橋,天兔,2013/9/20,6.3,4,14.3,7,52,4
3,板橋,康芮,2013/8/29,7.4,4,13.2,6,56.5,4
3,板橋,康芮,2013/8/28,5.5,4,11.7,6,0,4
3,板橋,潭美,2013/8/22,2.7,2,5,3,56,4
3,板橋,潭美,2013/8/21,6.6,4,14.9,7,150.5,2
3,板橋,西馬隆,2013/7/18,7.2,4,15.3,7,0,4
3,板橋,蘇力,2013/7/13,14,7,31.5,11,68.5,3
3,板橋,蘇力,2013/7/12,8.6,5,23.1,9,33.5,2
3,板橋,杰拉華,2012/9/28,5.9,4,14.6,7,7,4
3,板橋,天秤,2012/8/28,5.7,4,10.5,5,6.5,4
3,板橋,天秤,2012/8/27,3.8,3,6.2,4,5.5,4
3,板橋,天秤,2012/8/25,6.9,4,14.3,7,0,4
3,板橋,天秤,2012/8/24,7.6,4,15.6,7,0.2,4
3,板橋,天秤,2012/8/23,5.8,4,11.6,6,24,4
3,板橋,天秤,2012/8/22,5.1,3,9.4,5,22.5,4
3,板橋,啟德,2012/8/15,6.2,4,13.1,6,0,4
3,板橋,海葵,2012/8/7,8.4,5,14.5,7,0,4
3,板橋,蘇拉,2012/8/3,5.7,4,11.9,6,5,4
3,板橋,蘇拉,2012/8/2,8.4,5,18.9,8,160,2
3,板橋,蘇拉,2012/8/1,7.1,4,18.5,8,77.5,2
3,板橋,蘇拉,2012/7/31,7.7,4,17.1,7,34.5,4
3,板橋,杜蘇芮,2012/6/29,8.2,5,13.9,7,0,4
3,板橋,泰利,2012/6/21,3.4,3,5.5,4,10,4
3,板橋,泰利,2012/6/20,6,4,10.2,5,20.5,2
3,板橋,南瑪都,2011/8/31,4.3,3,7.4,4,1.5,4
3,板橋,南瑪都,2011/8/30,3.8,3,7.5,4,15.5,4
3,板橋,南瑪都,2011/8/29,9.2,5,19,8,3.5,2
3,板橋,南瑪都,2011/8/28,7.5,4,17.2,8,24,4
3,板橋,梅花,2011/8/6,6.4,4,11.9,6,20.5,4
3,板橋,梅花,2011/8/5,4.6,3,9.6,5,2.2,4
3,板橋,米雷,2011/6/25,7.9,4,17.6,8,155.5,4
3,板橋,米雷,2011/6/24,7.4,4,13.7,6,28,4
3,板橋,桑達,2011/5/28,5.9,4,13.4,6,19.5,4
3,板橋,艾利,2011/5/10,4,3,6.6,4,0,4
3,板橋,梅姬,2010/10/23,5.6,4,10.4,5,0,4
3,板橋,梅姬,2010/10/22,6.3,4,14.4,7,25,4
3,板橋,凡那比,2010/9/20,10.7,5,22.1,9,24,4
3,板橋,凡那比,2010/9/19,10.2,5,24.8,10,66.5,3
3,板橋,凡那比,2010/9/18,4.3,3,9.9,5,13.4,4
3,板橋,莫蘭蒂,2010/9/10,4.2,3,8.3,5,1.2,4
3,板橋,萊羅克,2010/9/2,3.9,3,7,4,5,4
3,板橋,萊羅克,2010/9/1,5.9,4,10.4,5,0,4
3,板橋,南修,2010/8/31,6.8,4,12.2,6,35,4
3,板橋,芭瑪,2009/10/6,6.8,4,12.8,6,10.2,4
3,板橋,芭瑪,2009/10/5,9.2,5,19.4,8,90.5,4
3,板橋,芭瑪,2009/10/4,7.1,4,16.8,7,3.5,4
3,板橋,莫拉克,2009/8/10,4.3,3,8.2,5,4.5,4
3,板橋,莫拉克,2009/8/9,7.5,4,13.9,7,29.5,4
3,板橋,莫拉克,2009/8/8,9.2,5,16.5,7,21,2
3,板橋,莫拉克,2009/8/7,9.8,5,21.5,9,31,2
3,板橋,莫拉克,2009/8/6,5,3,11.1,6,42,4
3,板橋,莫拉菲,2009/7/18,7.8,4,17,7,0,4
3,板橋,蓮花,2009/6/22,8.3,5,16.6,7,0.1,4
3,板橋,蓮花,2009/6/21,3.5,3,6.1,4,0.2,4
3,板橋,薔密,2008/9/29,10.3,5,19.2,8,27.5,2
3,板橋,薔密,2008/9/28,13.4,6,31.7,11,158.5,3
3,板橋,薔密,2008/9/27,5.8,4,13.1,6,111.5,4
3,板橋,哈格比,2008/9/23,7.7,4,16.6,7,0.4,4
3,板橋,哈格比,2008/9/22,7.2,4,14.9,7,0.7,4
3,板橋,辛樂克,2008/9/16,5.4,3,11.6,6,0,4
3,板橋,辛樂克,2008/9/15,9,5,19.3,8,62.5,4
3,板橋,辛樂克,2008/9/14,6.7,4,17.8,8,244.5,2
3,板橋,辛樂克,2008/9/13,7.4,4,16.6,7,193.5,2
3,板橋,辛樂克,2008/9/12,5.8,4,13.4,6,23.7,2
3,板橋,如麗,2008/8/21,4.3,3,7.6,4,0,4
3,板橋,如麗,2008/8/20,8,5,13.9,7,0,4
3,板橋,鳳凰,2008/7/29,2.5,2,4.3,3,1.5,4
3,板橋,鳳凰,2008/7/28,9.3,5,21.7,9,67.5,2
3,板橋,鳳凰,2008/7/27,7.9,4,16.9,7,18.4,4
3,板橋,卡玫基,2008/7/18,4.3,3,8.8,5,29,4
3,板橋,卡玫基,2008/7/17,6.4,4,11.1,6,33.5,4
3,板橋,米塔,2007/11/27,4.1,3,8.3,5,72,4
3,板橋,柯羅莎,2007/10/7,7.1,4,12.6,6,17.5,2
3,板橋,柯羅莎,2007/10/6,11.1,6,26.8,10,187.2,3
3,板橋,柯羅莎,2007/10/5,7.5,4,17.6,8,7.4,4
3,板橋,韋帕,2007/9/19,5.1,3,9.8,5,19.7,4
3,板橋,韋帕,2007/9/18,9.4,5,20.1,8,106.2,2
3,板橋,聖帕,2007/8/19,3.2,2,5.1,3,7,4
3,板橋,聖帕,2007/8/18,12.4,6,29.6,11,55.5,3
3,板橋,聖帕,2007/8/17,7.1,4,13.9,7,45.5,2
3,板橋,梧提,2007/8/9,6.6,4,11.9,6,2,4
3,板橋,帕布,2007/8/8,6.8,4,12.6,6,12.4,4
3,板橋,帕布,2007/8/7,5.5,4,12,6,45,4
3,板橋,珊珊,2006/9/16,5.5,4,13,6,31.5,4
3,板橋,珊珊,2006/9/15,5.5,4,10.7,5,24.5,4
3,板橋,桑美,2006/8/10,4.5,3,8.3,5,76,4
3,板橋,寶發,2006/8/9,8.2,5,13.9,7,16.5,4
3,板橋,寶發,2006/8/8,5.3,3,9.5,5,16.7,4
3,板橋,凱米,2006/7/26,3.1,2,5.3,3,9.9,4
3,板橋,凱米,2006/7/25,10.7,5,23.6,9,2.4,4
3,板橋,凱米,2006/7/24,7.7,4,15,7,11.5,4
3,板橋,碧利斯,2006/7/15,2.5,2,5.1,3,3.8,4
3,板橋,碧利斯,2006/7/14,5.3,3,10.7,5,10,4
3,板橋,碧利斯,2006/7/13,6.5,4,14.7,7,57.5,4
3,板橋,艾維尼,2006/7/9,6.8,4,13.6,6,8.8,4
3,板橋,艾維尼,2006/7/8,7,4,13.1,6,0,4
3,板橋,珍珠,2006/5/18,6.5,4,11.7,6,0.6,4
3,板橋,珍珠,2006/5/17,5.5,4,9.8,5,59.5,4
4,新屋,天鵝,2015/8/23,11,6,19.1,8,7.5,4
4,新屋,天鵝,2015/8/22,12.2,6,19.2,8,0,4
4,新屋,天鵝,2015/8/21,13.2,6,21.7,9,0,4
4,新屋,蘇迪勒,2015/8/9,6.1,4,10.1,5,1,4
4,新屋,蘇迪勒,2015/8/8,29.7,11,47,15,44,3
4,新屋,蘇迪勒,2015/8/7,19.3,8,32.8,12,5.5,3
4,新屋,昌鴻,2015/7/11,15.3,7,24,9,0,1
4,新屋,昌鴻,2015/7/10,12.5,6,20.7,8,3.9,2
4,新屋,蓮花,2015/7/9,11.1,6,16.9,7,0.1,4
4,新屋,蓮花,2015/7/8,10.7,5,17.9,8,0,4
4,新屋,蓮花,2015/7/7,9.8,5,15.2,7,0,4
4,新屋,紅霞,2015/5/11,8,5,11.8,6,0,4
4,新屋,鳳凰,2014/9/22,12.1,6,18.7,8,24.5,4
4,新屋,鳳凰,2014/9/21,8,5,14.3,7,5,4
4,新屋,鳳凰,2014/9/20,13.7,6,20.8,9,0,4
4,新屋,麥德姆,2014/7/23,17.5,8,28.8,11,26.5,3
4,新屋,麥德姆,2014/7/22,13.9,7,23,9,1,1
4,新屋,哈吉貝,2014/6/15,5.6,4,8.2,5,1,4
4,新屋,菲特,2013/10/7,4.6,3,7.6,4,0.6,4
4,新屋,菲特,2013/10/6,11.1,6,18.9,8,1,4
4,新屋,菲特,2013/10/5,11.4,6,18.1,8,1.5,4
4,新屋,天兔,2013/9/22,12.5,6,21.9,9,4,4
4,新屋,天兔,2013/9/21,14.2,7,25.4,10,3.5,1
4,新屋,天兔,2013/9/20,12.8,6,20.7,8,6.5,4
4,新屋,康芮,2013/8/29,12.1,6,19.1,8,109,4
4,新屋,康芮,2013/8/28,10.7,5,15.8,7,0,4
4,新屋,潭美,2013/8/22,10.3,5,18.2,8,30.5,4
4,新屋,潭美,2013/8/21,14.8,7,23.8,9,72.5,3
4,新屋,西馬隆,2013/7/18,6.8,4,9.8,5,0,4
4,新屋,蘇力,2013/7/13,22.7,9,38.5,13,94,3
4,新屋,蘇力,2013/7/12,15.5,7,25.8,10,12.5,3
5,新竹,天鵝,2015/8/23,5.6,4,12.4,6,3.4,4
5,新竹,天鵝,2015/8/22,7.3,4,17.4,8,0,4
5,新竹,天鵝,2015/8/21,6.2,4,14.9,7,0,4
5,新竹,蘇迪勒,2015/8/9,2.9,2,5.6,4,1.3,4
5,新竹,蘇迪勒,2015/8/8,12.6,6,30.4,11,77.6,3
5,新竹,蘇迪勒,2015/8/7,8.2,5,20.1,8,2.8,2
5,新竹,昌鴻,2015/7/11,3.9,3,14.3,7,0,4
5,新竹,昌鴻,2015/7/10,5.7,4,13.9,7,7.7,4
5,新竹,蓮花,2015/7/9,5.2,3,12.2,6,30.5,4
5,新竹,蓮花,2015/7/8,2.8,2,5.5,4,0,4
5,新竹,蓮花,2015/7/7,4.3,3,8.7,5,6,4
5,新竹,紅霞,2015/5/11,4.3,3,13.5,6,0,4
5,新竹,鳳凰,2014/9/22,4.1,3,10.1,5,48,4
5,新竹,鳳凰,2014/9/21,2.8,2,6.7,4,2.3,4
5,新竹,鳳凰,2014/9/20,5.3,3,12.2,6,0,4
5,新竹,麥德姆,2014/7/23,8,5,18.5,8,34,2
5,新竹,麥德姆,2014/7/22,7.5,4,19.9,8,1.6,4
5,新竹,哈吉貝,2014/6/15,2.5,2,4.7,3,3.6,4
5,新竹,菲特,2013/10/7,3.8,3,6.6,4,1.3,4
5,新竹,菲特,2013/10/6,5.7,4,14.6,7,7,4
5,新竹,菲特,2013/10/5,5.4,3,13.2,6,20.2,4
5,新竹,天兔,2013/9/22,7.8,4,17.5,8,4.4,4
5,新竹,天兔,2013/9/21,8.2,5,22.8,9,1,4
5,新竹,天兔,2013/9/20,5.8,4,13.9,7,6.1,4
5,新竹,康芮,2013/8/29,4.2,3,12,6,165.8,4
5,新竹,康芮,2013/8/28,4.6,3,12.4,6,0,4
5,新竹,潭美,2013/8/22,4.7,3,13.7,6,49.5,4
5,新竹,潭美,2013/8/21,5.7,4,14.8,7,101.5,2
5,新竹,西馬隆,2013/7/18,2.5,2,6.5,4,0.2,4
5,新竹,蘇力,2013/7/13,10.8,6,29.7,11,197.9,3
5,新竹,蘇力,2013/7/12,7.9,4,21,9,14.5,2
5,新竹,杰拉華,2012/9/28,6.7,4,16.8,7,11.2,4
5,新竹,天秤,2012/8/28,3.3,2,7.3,4,0,4
5,新竹,天秤,2012/8/27,3.2,2,6.3,4,0,4
5,新竹,天秤,2012/8/25,5,3,11.6,6,22.4,4
5,新竹,天秤,2012/8/24,7.8,4,21.7,9,0,4
5,新竹,天秤,2012/8/23,6.1,4,13.1,6,68.1,4
5,新竹,天秤,2012/8/22,6.1,4,14,7,6.1,4
5,新竹,啟德,2012/8/15,3.9,3,8.7,5,0,4
5,新竹,海葵,2012/8/7,3.2,2,8.3,5,0,4
5,新竹,蘇拉,2012/8/3,2.9,2,10.7,5,11.9,4
5,新竹,蘇拉,2012/8/2,9.1,5,22.4,9,374.5,3
5,新竹,蘇拉,2012/8/1,9.9,5,25.5,10,84,3
5,新竹,蘇拉,2012/7/31,5.8,4,13.7,6,36.2,4
5,新竹,杜蘇芮,2012/6/29,2.9,2,6.4,4,3.4,4
5,新竹,泰利,2012/6/21,1.9,2,4.3,3,29.8,4
5,新竹,泰利,2012/6/20,5.3,3,12.3,6,58.8,2
5,新竹,南瑪都,2011/8/31,3.1,2,8,5,0.6,4
5,新竹,南瑪都,2011/8/30,2.8,2,5.8,4,14.4,4
5,新竹,南瑪都,2011/8/29,7,4,16.7,7,2.8,2
5,新竹,南瑪都,2011/8/28,6.8,4,17.2,8,5.8,4
5,新竹,梅花,2011/8/6,4.1,3,9.4,5,8.6,4
5,新竹,梅花,2011/8/5,4.1,3,8.1,5,4,4
5,新竹,米雷,2011/6/25,3.9,3,14.4,7,68.6,4
5,新竹,米雷,2011/6/24,6,4,14.4,7,20.2,4
5,新竹,桑達,2011/5/28,6,4,15.4,7,12,4
5,新竹,艾利,2011/5/10,3.1,2,5.9,4,0,4
5,新竹,梅姬,2010/10/23,3.8,3,6.2,4,0,4
5,新竹,梅姬,2010/10/22,5.9,4,16.2,7,9,4
5,新竹,凡那比,2010/9/20,4,3,8.2,5,3.1,4
5,新竹,凡那比,2010/9/19,8,5,20.4,8,42.4,2
5,新竹,凡那比,2010/9/18,5.5,4,12.2,6,12.3,4
5,新竹,莫蘭蒂,2010/9/10,4,3,10.1,5,0,4
5,新竹,萊羅克,2010/9/2,3.5,3,6.1,4,21.4,4
5,新竹,萊羅克,2010/9/1,4.1,3,8.2,5,1,4
5,新竹,南修,2010/8/31,3.1,2,8,5,39.6,4
5,新竹,芭瑪,2009/10/6,6.8,4,15.2,7,5.8,4
5,新竹,芭瑪,2009/10/5,7.8,4,21,9,31.6,4
5,新竹,芭瑪,2009/10/4,9.1,5,22.7,9,0.4,4
5,新竹,莫拉克,2009/8/10,3.8,3,12.8,6,22.5,4
5,新竹,莫拉克,2009/8/9,5.7,4,15.3,7,93.8,4
5,新竹,莫拉克,2009/8/8,9.5,5,21.5,9,57.9,2
5,新竹,莫拉克,2009/8/7,9.3,5,24.4,9,37.5,2
5,新竹,莫拉克,2009/8/6,6,4,15.4,7,84.9,4
5,新竹,莫拉菲,2009/7/18,3.9,3,9.6,5,0,4
5,新竹,蓮花,2009/6/22,5.1,3,15,7,2.3,4
5,新竹,蓮花,2009/6/21,3.4,3,7.4,4,28.9,4
5,新竹,薔密,2008/9/29,4.7,3,15.9,7,130.6,2
5,新竹,薔密,2008/9/28,13.8,6,33.9,12,83.1,3
5,新竹,薔密,2008/9/27,5.9,4,13.8,6,8,4
5,新竹,哈格比,2008/9/23,6.8,4,18.3,8,0,4
5,新竹,哈格比,2008/9/22,8.4,5,19.6,8,0,4
5,新竹,辛樂克,2008/9/16,3.5,3,7.3,4,0,4
5,新竹,辛樂克,2008/9/15,4.5,3,15.4,7,92.7,4
5,新竹,辛樂克,2008/9/14,6.5,4,18,8,126.8,2
5,新竹,辛樂克,2008/9/13,8.7,5,23.6,9,104.6,2
5,新竹,辛樂克,2008/9/12,7.5,4,17.6,8,81.3,2
5,新竹,如麗,2008/8/21,3.8,3,7.8,4,0,4
5,新竹,如麗,2008/8/20,3.8,3,7.1,4,0,4
5,新竹,鳳凰,2008/7/29,2.9,2,5.7,4,9,4
5,新竹,鳳凰,2008/7/28,9.5,5,21.6,9,25,2
5,新竹,鳳凰,2008/7/27,7.1,4,18.8,8,49.7,4
5,新竹,卡玫基,2008/7/18,8.5,5,18.7,8,171.4,4
5,新竹,卡玫基,2008/7/17,5.9,4,11.7,6,24.5,4
5,新竹,米塔,2007/11/27,7.4,4,17.6,8,40.2,4
5,新竹,柯羅莎,2007/10/7,4.7,3,15.3,7,51.5,2
5,新竹,柯羅莎,2007/10/6,13.2,6,32.2,11,136.2,3
5,新竹,柯羅莎,2007/10/5,8,5,19.5,8,45.2,4
5,新竹,韋帕,2007/9/19,4.3,3,10.1,5,5,4
5,新竹,韋帕,2007/9/18,7.3,4,18,8,128,2
5,新竹,聖帕,2007/8/19,2.3,2,4.5,3,34,4
5,新竹,聖帕,2007/8/18,10.3,5,23.8,9,27.5,2
5,新竹,聖帕,2007/8/17,6.8,4,16.1,7,2,2
5,新竹,梧提,2007/8/9,3.4,3,7,4,0.9,4
5,新竹,帕布,2007/8/8,7,4,15,7,0.5,4
5,新竹,帕布,2007/8/7,4.9,3,11.9,6,7.7,4
5,新竹,珊珊,2006/9/16,5,3,13.8,6,12.5,4
5,新竹,珊珊,2006/9/15,7.7,4,17,7,6.9,4
5,新竹,桑美,2006/8/10,3.9,3,9.2,5,14,4
5,新竹,寶發,2006/8/9,8.5,5,23.6,9,0,4
5,新竹,寶發,2006/8/8,5.4,3,13.7,6,1.5,4
5,新竹,凱米,2006/7/26,3,2,5.4,3,6.1,4
5,新竹,凱米,2006/7/25,8.4,5,20.5,8,5.2,4
5,新竹,凱米,2006/7/24,6.8,4,20,8,0,4
5,新竹,碧利斯,2006/7/15,3.3,2,9.1,5,10.1,4
5,新竹,碧利斯,2006/7/14,6.8,4,14.2,7,60.9,4
5,新竹,碧利斯,2006/7/13,8.5,5,19.1,8,53.5,4
5,新竹,艾維尼,2006/7/9,3.9,3,11.6,6,1.1,4
5,新竹,艾維尼,2006/7/8,4.8,3,11.9,6,1,4
5,新竹,珍珠,2006/5/18,5.5,4,14.5,7,0.1,4
5,新竹,珍珠,2006/5/17,3.5,3,8.7,5,15.1,4
6,臺中,天鵝,2015/8/23,5.1,3,11.4,6,0,4
6,臺中,天鵝,2015/8/22,3.2,2,6.7,4,0,4
6,臺中,天鵝,2015/8/21,2.9,2,5.3,3,0,4
6,臺中,蘇迪勒,2015/8/9,4.9,3,12.8,6,16.3,4
6,臺中,蘇迪勒,2015/8/8,11.4,6,30.5,11,52.6,3
6,臺中,蘇迪勒,2015/8/7,7.1,4,16,7,0,2
6,臺中,昌鴻,2015/7/11,4.6,3,11.1,6,0,4
6,臺中,昌鴻,2015/7/10,6.1,4,14.7,7,8.7,4
6,臺中,蓮花,2015/7/9,3.4,3,7.9,4,0,4
6,臺中,蓮花,2015/7/8,2.8,2,5.8,4,3,4
6,臺中,蓮花,2015/7/7,4.1,3,8.9,5,7,4
6,臺中,紅霞,2015/5/11,2.6,2,5.9,4,0,4
6,臺中,鳳凰,2014/9/22,4.1,3,10.3,5,16.6,4
6,臺中,鳳凰,2014/9/21,4.9,3,10,5,5.7,2
6,臺中,鳳凰,2014/9/20,3.9,3,9.4,5,6.8,4
6,臺中,麥德姆,2014/7/23,7.9,4,22.2,9,90.3,2
6,臺中,麥德姆,2014/7/22,3.8,3,7.8,4,2.5,4
6,臺中,哈吉貝,2014/6/15,3.2,2,5,3,2.8,4
6,臺中,菲特,2013/10/7,3.5,3,6.7,4,0,4
6,臺中,菲特,2013/10/6,5.3,3,13.1,6,2.7,4
6,臺中,菲特,2013/10/5,6.6,4,15,7,0,4
6,臺中,天兔,2013/9/22,3.5,3,6.1,4,5.5,4
6,臺中,天兔,2013/9/21,3.9,3,8.9,5,0.6,2
6,臺中,天兔,2013/9/20,4.8,3,9.6,5,0,4
6,臺中,康芮,2013/8/29,3.4,3,8,5,151.9,4
6,臺中,康芮,2013/8/28,2.8,2,6.2,4,0,4
6,臺中,潭美,2013/8/22,6.6,4,13.3,6,131.7,4
6,臺中,潭美,2013/8/21,4.6,3,13.7,6,146.1,2
6,臺中,西馬隆,2013/7/18,3.5,3,7.7,4,5.3,4
6,臺中,蘇力,2013/7/13,8.6,5,25.2,10,280.3,3
6,臺中,蘇力,2013/7/12,7.1,4,19.6,8,2.9,2
6,臺中,杰拉華,2012/9/28,7.8,4,20.5,8,0,4
6,臺中,天秤,2012/8/28,3.9,3,7.8,4,0.9,4
6,臺中,天秤,2012/8/27,3,2,5.8,4,0,4
6,臺中,天秤,2012/8/25,3.8,3,7.5,4,76.8,4
6,臺中,天秤,2012/8/24,3.5,3,6.6,4,0.1,2
6,臺中,天秤,2012/8/23,4.9,3,11.9,6,0,4
6,臺中,天秤,2012/8/22,4.4,3,8.7,5,17.5,4
6,臺中,啟德,2012/8/15,2.8,2,5.6,4,0,4
6,臺中,海葵,2012/8/7,3.1,2,6.7,4,6.4,4
6,臺中,蘇拉,2012/8/3,4.7,3,11.3,6,12.6,4
6,臺中,蘇拉,2012/8/2,8.1,5,21.7,9,465.2,3
6,臺中,蘇拉,2012/8/1,8.2,5,22,9,9.8,4
6,臺中,蘇拉,2012/7/31,4.9,3,10,5,24.1,4
6,臺中,杜蘇芮,2012/6/29,3.4,3,8.1,5,2.6,4
6,臺中,泰利,2012/6/21,3.5,3,9.6,5,20.8,4
6,臺中,泰利,2012/6/20,6.9,4,17.7,8,57.1,2
6,臺中,南瑪都,2011/8/31,5,3,11.9,6,17.7,4
6,臺中,南瑪都,2011/8/30,5.7,4,12.7,6,12.3,4
6,臺中,南瑪都,2011/8/29,4.2,3,9.4,5,1,2
6,臺中,南瑪都,2011/8/28,2.7,2,5.3,3,2.8,4
6,臺中,梅花,2011/8/6,4.1,3,8,5,0,4
6,臺中,梅花,2011/8/5,4.6,3,9.9,5,0,4
6,臺中,米雷,2011/6/25,3.5,3,8.4,5,24.6,4
6,臺中,米雷,2011/6/24,4.1,3,10.2,5,3.1,4
6,臺中,桑達,2011/5/28,6.8,4,14.9,7,0,4
6,臺中,艾利,2011/5/10,3.2,2,8.3,5,0,4
6,臺中,梅姬,2010/10/23,3.2,2,6.1,4,0,4
6,臺中,梅姬,2010/10/22,3.9,3,7.2,4,0,4
6,臺中,凡那比,2010/9/20,3.4,3,7.4,4,0.5,4
6,臺中,凡那比,2010/9/19,8.9,5,25.5,10,66,3
6,臺中,凡那比,2010/9/18,4.9,3,11.2,6,5.2,4
6,臺中,莫蘭蒂,2010/9/10,5.1,3,11.9,6,2.3,4
6,臺中,萊羅克,2010/9/2,3,2,6.6,4,5.5,4
6,臺中,萊羅克,2010/9/1,3.5,3,7.9,4,4.3,4
6,臺中,南修,2010/8/31,3.3,2,6.3,4,13.1,4
6,臺中,芭瑪,2009/10/6,5.3,3,10.7,5,5.9,4
6,臺中,芭瑪,2009/10/5,3.3,2,6,4,6.4,4
6,臺中,芭瑪,2009/10/4,4.2,3,9.4,5,0,4
6,臺中,莫拉克,2009/8/10,5.8,4,14.7,7,17.5,4
6,臺中,莫拉克,2009/8/9,6.7,4,18,8,347.4,2
6,臺中,莫拉克,2009/8/8,6.7,4,18.6,8,25.3,2
6,臺中,莫拉克,2009/8/7,9.3,5,26.9,10,17,3
6,臺中,莫拉克,2009/8/6,5.8,4,13.5,6,124.5,4
6,臺中,莫拉菲,2009/7/18,3.2,2,7,4,0,4
6,臺中,蓮花,2009/6/22,6.2,4,15.4,7,39.5,4
6,臺中,蓮花,2009/6/21,4.9,3,11.6,6,9.2,4
6,臺中,薔密,2008/9/29,4.9,3,13,6,227.5,2
6,臺中,薔密,2008/9/28,12.1,6,29.7,11,33.8,3
6,臺中,薔密,2008/9/27,4.9,3,10.1,5,0,4
6,臺中,哈格比,2008/9/23,3.8,3,7.7,4,0,4
6,臺中,哈格比,2008/9/22,3.4,3,7.2,4,0,4
6,臺中,辛樂克,2008/9/16,3.2,2,6,4,0,4
6,臺中,辛樂克,2008/9/15,6.1,4,16.2,7,125.8,4
6,臺中,辛樂克,2008/9/14,7.2,4,15.8,7,214.2,2
6,臺中,辛樂克,2008/9/13,7.8,4,20,8,73.2,2
6,臺中,辛樂克,2008/9/12,6.1,4,16.4,7,17.5,4
6,臺中,如麗,2008/8/21,2.8,2,5.7,4,1,4
6,臺中,如麗,2008/8/20,3.3,2,6,4,0,4
6,臺中,鳳凰,2008/7/29,6.3,4,16.3,7,31.5,4
6,臺中,鳳凰,2008/7/28,9.8,5,22.3,9,119,2
6,臺中,鳳凰,2008/7/27,6.7,4,14.7,7,0.6,4
6,臺中,卡玫基,2008/7/18,7.4,4,17.4,8,476.9,2
6,臺中,卡玫基,2008/7/17,6.6,4,13.9,7,20.5,4
6,臺中,米塔,2007/11/27,7,4,17.1,7,17.8,4
6,臺中,柯羅莎,2007/10/7,6.1,4,16.2,7,169.2,2
6,臺中,柯羅莎,2007/10/6,11.6,6,27.7,10,112.7,3
6,臺中,柯羅莎,2007/10/5,7.7,4,18.5,8,0.3,4
6,臺中,韋帕,2007/9/19,3.8,3,7.1,4,16.9,4
6,臺中,韋帕,2007/9/18,5.9,4,15.6,7,188,4
6,臺中,聖帕,2007/8/19,6.3,4,16.3,7,99.2,4
6,臺中,聖帕,2007/8/18,6.4,4,15.5,7,38.8,2
6,臺中,聖帕,2007/8/17,3.1,2,6.1,4,2,4
6,臺中,梧提,2007/8/9,3.7,3,8.4,5,0,4
6,臺中,帕布,2007/8/8,3.2,2,5.8,4,5,4
6,臺中,帕布,2007/8/7,2.4,2,4.3,3,3.6,4
6,臺中,珊珊,2006/9/16,5.1,3,14.5,7,11.4,4
6,臺中,珊珊,2006/9/15,4.5,3,9,5,0,4
6,臺中,桑美,2006/8/10,3.9,3,8.8,5,0,4
6,臺中,寶發,2006/8/9,2.5,2,4.9,3,1.9,4
6,臺中,寶發,2006/8/8,4.3,3,11.4,6,16.5,4
6,臺中,凱米,2006/7/26,3.9,3,8.8,5,3.3,4
6,臺中,凱米,2006/7/25,4.2,3,9.8,5,13.2,2
6,臺中,凱米,2006/7/24,3.9,3,8.4,5,0,4
6,臺中,碧利斯,2006/7/15,5.3,3,13.3,6,30.6,4
6,臺中,碧利斯,2006/7/14,5.7,4,14.4,7,154.9,4
6,臺中,碧利斯,2006/7/13,7,4,19,8,17.3,4
6,臺中,艾維尼,2006/7/9,3,2,9.2,5,82.9,4
6,臺中,艾維尼,2006/7/8,4.4,3,9.6,5,14.7,4
6,臺中,珍珠,2006/5/18,7.1,4,16.8,7,4.2,4
6,臺中,珍珠,2006/5/17,3.2,2,6.6,4,22,4
7,日月潭,天鵝,2015/8/23,6.5,4,10.7,5,5,4
7,日月潭,天鵝,2015/8/22,2.6,2,5.1,3,0,4
7,日月潭,天鵝,2015/8/21,3.6,3,7.5,4,0,4
7,日月潭,蘇迪勒,2015/8/9,3.6,3,6,4,22,4
7,日月潭,蘇迪勒,2015/8/8,6.2,4,15.1,7,90.5,2
7,日月潭,蘇迪勒,2015/8/7,3.1,2,8.8,5,9.5,2
7,日月潭,昌鴻,2015/7/11,5.8,4,14.9,7,3,4
7,日月潭,昌鴻,2015/7/10,6.6,4,12.8,6,18.5,4
7,日月潭,蓮花,2015/7/9,3,2,4.4,3,0,4
7,日月潭,蓮花,2015/7/8,3.6,3,6.9,4,1.5,4
7,日月潭,蓮花,2015/7/7,3.5,3,7.5,4,0,4
7,日月潭,紅霞,2015/5/11,3.7,3,5.3,3,0,4
7,日月潭,鳳凰,2014/9/22,5,3,11.8,6,30,4
7,日月潭,鳳凰,2014/9/21,5.9,4,11.9,6,14.5,2
7,日月潭,鳳凰,2014/9/20,3,2,5.7,4,0,4
7,日月潭,麥德姆,2014/7/23,4.5,3,9,5,231.5,3
7,日月潭,麥德姆,2014/7/22,4.7,3,9.3,5,9,4
7,日月潭,哈吉貝,2014/6/15,2.5,2,4.3,3,10,4
7,日月潭,菲特,2013/10/7,3.9,3,6.4,4,1.5,4
7,日月潭,菲特,2013/10/6,4.5,3,10.5,5,1,4
7,日月潭,菲特,2013/10/5,2.8,2,5.4,3,0,4
7,日月潭,天兔,2013/9/22,5.9,4,17.7,8,9.5,4
7,日月潭,天兔,2013/9/21,10.8,6,20.9,9,7.5,4
7,日月潭,天兔,2013/9/20,3.6,3,6.6,4,0,4
7,日月潭,康芮,2013/8/29,6.2,4,15.7,7,256,1
7,日月潭,康芮,2013/8/28,2.8,2,5.6,4,0,4
7,日月潭,潭美,2013/8/22,8.1,5,20.9,9,115,4
7,日月潭,潭美,2013/8/21,7.6,4,16.6,7,214.5,3
7,日月潭,西馬隆,2013/7/18,4.3,3,6,4,0.5,4
7,日月潭,蘇力,2013/7/13,16.6,7,43.8,14,325,3
7,日月潭,蘇力,2013/7/12,9.1,5,21.6,9,8.5,2
7,日月潭,杰拉華,2012/9/28,2.5,2,5.5,4,0,4
7,日月潭,天秤,2012/8/28,7.3,4,14.8,7,14.5,4
7,日月潭,天秤,2012/8/27,2.5,2,3.3,2,0,4
7,日月潭,天秤,2012/8/25,5.5,4,11.8,6,2,4
7,日月潭,天秤,2012/8/24,9.1,5,19.3,8,1.5,2
7,日月潭,天秤,2012/8/23,4.3,3,6.7,4,0,4
7,日月潭,天秤,2012/8/22,2.2,2,18.3,8,0,4
7,日月潭,啟德,2012/8/15,2.5,2,4.5,3,0,4
7,日月潭,海葵,2012/8/7,3.9,3,7.3,4,31.5,4
7,日月潭,蘇拉,2012/8/3,4.3,3,10.9,6,7.5,4
7,日月潭,蘇拉,2012/8/2,14.3,7,31.4,11,482.5,3
7,日月潭,蘇拉,2012/8/1,7.5,4,17.7,8,11.5,4
7,日月潭,蘇拉,2012/7/31,2.4,2,4.2,3,9,4
7,日月潭,杜蘇芮,2012/6/29,3,2,4.8,3,0,4
7,日月潭,泰利,2012/6/21,6.8,4,18.6,8,11,4
7,日月潭,泰利,2012/6/20,5,3,9.3,5,50.5,2
7,日月潭,南瑪都,2011/8/31,4,3,7.3,4,11,4
7,日月潭,南瑪都,2011/8/30,3.9,3,8,5,6,4
7,日月潭,南瑪都,2011/8/29,5.5,4,12.6,6,1.5,2
7,日月潭,南瑪都,2011/8/28,4.8,3,11.6,6,7,4
7,日月潭,梅花,2011/8/6,5.3,3,9.4,5,25,4
7,日月潭,梅花,2011/8/5,3.5,3,7.8,4,0,4
7,日月潭,米雷,2011/6/25,5.7,4,9.3,5,42.5,4
7,日月潭,米雷,2011/6/24,5.8,4,10.1,5,10,4
7,日月潭,桑達,2011/5/28,3.4,3,5.9,4,0,4
7,日月潭,艾利,2011/5/10,3.3,2,6.5,4,0,4
7,日月潭,梅姬,2010/10/23,2.6,2,3.8,3,0,4
7,日月潭,梅姬,2010/10/22,6.3,4,9,5,1,4
7,日月潭,凡那比,2010/9/20,9.2,5,19.1,8,1,4
7,日月潭,凡那比,2010/9/19,10.7,5,27.9,10,42.5,3
7,日月潭,凡那比,2010/9/18,5.1,3,7.4,4,0,4
7,日月潭,莫蘭蒂,2010/9/10,3.8,3,7.3,4,0.5,4
7,日月潭,萊羅克,2010/9/2,3.6,3,6.4,4,0.2,4
7,日月潭,萊羅克,2010/9/1,4.8,3,6.8,4,23,4
7,日月潭,南修,2010/8/31,3,2,5.3,3,26,4
7,日月潭,芭瑪,2009/10/6,6.9,4,21.1,9,6,4
7,日月潭,芭瑪,2009/10/5,3.3,2,5.8,4,21.5,4
7,日月潭,芭瑪,2009/10/4,5.5,4,7.4,4,0,4
7,日月潭,莫拉克,2009/8/10,7.7,4,19.4,8,13,4
7,日月潭,莫拉克,2009/8/9,15.2,7,36.8,12,338.5,3
7,日月潭,莫拉克,2009/8/8,9.4,5,27.6,10,279.5,3
7,日月潭,莫拉克,2009/8/7,6.9,4,14.9,7,45.5,2
7,日月潭,莫拉克,2009/8/6,5.7,4,10.1,5,21,4
7,日月潭,莫拉菲,2009/7/18,4.3,3,7.7,4,1.5,4
7,日月潭,蓮花,2009/6/22,5.1,3,12.7,6,4,4
7,日月潭,蓮花,2009/6/21,5.3,3,8.8,5,6,4
7,日月潭,薔密,2008/9/29,12.3,6,29.1,11,297,3
7,日月潭,薔密,2008/9/28,13.3,6,25.1,10,137,3
7,日月潭,薔密,2008/9/27,3.7,3,5.3,3,0,4
7,日月潭,哈格比,2008/9/23,7.1,4,17.5,8,0,4
7,日月潭,哈格比,2008/9/22,5.7,4,8.4,5,0,4
7,日月潭,辛樂克,2008/9/16,2.8,2,5,3,0,4
7,日月潭,辛樂克,2008/9/15,11.2,6,29.3,11,328.5,3
7,日月潭,辛樂克,2008/9/14,13.9,7,32.2,11,471.5,3
7,日月潭,辛樂克,2008/9/13,10.4,5,21.2,9,45.5,2
7,日月潭,辛樂克,2008/9/12,4,3,6.5,4,8.6,4
7,日月潭,如麗,2008/8/21,4.2,3,8.6,5,2.2,4
7,日月潭,如麗,2008/8/20,3.5,3,7.5,4,0,4
7,日月潭,鳳凰,2008/7/29,4.8,3,8.8,5,29,4
7,日月潭,鳳凰,2008/7/28,6.3,4,19.4,8,181.5,2
7,日月潭,鳳凰,2008/7/27,3.1,2,4.4,3,3,4
7,日月潭,卡玫基,2008/7/18,13.1,6,26.4,10,469,3
7,日月潭,卡玫基,2008/7/17,7.7,4,15.6,7,87.5,4
7,日月潭,米塔,2007/11/27,5.3,3,6.7,4,20.3,4
7,日月潭,柯羅莎,2007/10/7,10.9,6,26.4,10,143,1
7,日月潭,柯羅莎,2007/10/6,15.4,7,37.3,13,137.2,3
7,日月潭,柯羅莎,2007/10/5,4.2,3,8.3,5,0,4
7,日月潭,韋帕,2007/9/19,3.9,3,9.4,5,14.7,4
7,日月潭,韋帕,2007/9/18,10.2,5,19.1,8,171.8,4
7,日月潭,聖帕,2007/8/19,3.9,3,6,4,64.8,4
7,日月潭,聖帕,2007/8/18,11.1,6,19.6,8,67.5,2
7,日月潭,聖帕,2007/8/17,5.9,4,9.2,5,4.5,4
7,日月潭,梧提,2007/8/9,3.9,3,6.3,4,0.2,4
7,日月潭,帕布,2007/8/8,6.3,4,11.3,6,4.1,2
7,日月潭,帕布,2007/8/7,3.8,3,5.5,4,12,4
7,日月潭,珊珊,2006/9/16,7.6,4,14.4,7,4.5,4
7,日月潭,珊珊,2006/9/15,4.3,3,6,4,17.8,4
7,日月潭,桑美,2006/8/10,2.7,2,4.1,3,0,4
7,日月潭,寶發,2006/8/9,4.3,3,11,6,11.7,4
7,日月潭,寶發,2006/8/8,2.9,2,6.7,4,1,4
7,日月潭,凱米,2006/7/26,3.9,3,5.8,4,4.3,4
7,日月潭,凱米,2006/7/25,9,5,22.2,9,21.1,2
7,日月潭,凱米,2006/7/24,3.7,3,7.5,4,3.5,4
7,日月潭,碧利斯,2006/7/15,4.8,3,6.6,4,65.5,4
7,日月潭,碧利斯,2006/7/14,10.8,6,24.4,9,187,2
7,日月潭,碧利斯,2006/7/13,7,4,13.7,6,53.2,2
7,日月潭,艾維尼,2006/7/9,5.3,3,9.1,5,113.5,4
7,日月潭,艾維尼,2006/7/8,3.4,3,8.1,5,5.5,4
7,日月潭,珍珠,2006/5/18,4.7,3,16.9,7,1.9,4
7,日月潭,珍珠,2006/5/17,3.3,2,5.8,4,23.7,4
8,嘉義,天鵝,2015/8/23,8.1,5,15.1,7,2.4,4
8,嘉義,天鵝,2015/8/22,5.4,3,12.3,6,16.5,4
8,嘉義,天鵝,2015/8/21,4.5,3,7.1,4,0,4
8,嘉義,蘇迪勒,2015/8/9,6.7,4,13.7,6,51,4
8,嘉義,蘇迪勒,2015/8/8,17.7,8,33.8,12,185.7,3
8,嘉義,蘇迪勒,2015/8/7,8.9,5,16.3,7,0,2
8,嘉義,昌鴻,2015/7/11,6.5,4,11.2,6,5,4
8,嘉義,昌鴻,2015/7/10,8.7,5,16,7,1.3,4
8,嘉義,蓮花,2015/7/9,5.8,4,10.3,5,0,4
8,嘉義,蓮花,2015/7/8,3.4,3,5.1,3,5.7,4
8,嘉義,蓮花,2015/7/7,3.9,3,6.9,4,49,4
8,嘉義,紅霞,2015/5/11,4.2,3,8.2,5,0,4
8,嘉義,鳳凰,2014/9/22,5.2,3,8.4,5,7,4
8,嘉義,鳳凰,2014/9/21,6.2,4,10.5,5,9.5,2
8,嘉義,鳳凰,2014/9/20,6.7,4,10,5,5.4,4
8,嘉義,麥德姆,2014/7/23,10.9,6,20,8,135,2
8,嘉義,麥德姆,2014/7/22,4.6,3,8.3,5,2.5,4
8,嘉義,哈吉貝,2014/6/15,5,3,9.5,5,3,4
8,嘉義,菲特,2013/10/7,6,4,8.8,5,0,4
8,嘉義,菲特,2013/10/6,7.8,4,14,7,4.5,4
8,嘉義,菲特,2013/10/5,7.8,4,12.6,6,0,4
8,嘉義,天兔,2013/9/22,3.6,3,6.7,4,6.5,4
8,嘉義,天兔,2013/9/21,3.9,3,8.4,5,1.2,4
8,嘉義,天兔,2013/9/20,3.2,2,6.1,4,0,4
8,嘉義,康芮,2013/8/29,5.8,4,12.4,6,426,3
8,嘉義,康芮,2013/8/28,5.4,3,10.2,5,108.5,4
8,嘉義,潭美,2013/8/22,9.3,5,19.6,8,256.5,4
8,嘉義,潭美,2013/8/21,8.6,5,14.1,7,128.5,4
8,嘉義,西馬隆,2013/7/18,4.6,3,6.7,4,0.5,4
8,嘉義,蘇力,2013/7/13,12.3,6,22.5,9,129,2
8,嘉義,蘇力,2013/7/12,8.6,5,16.5,7,0.2,2
8,嘉義,杰拉華,2012/9/28,9.8,5,16.4,7,0,4
8,嘉義,天秤,2012/8/28,4.4,3,8,5,5.7,4
8,嘉義,天秤,2012/8/27,3.3,2,7,4,0.9,4
8,嘉義,天秤,2012/8/25,5,3,10.4,5,1.7,4
8,嘉義,天秤,2012/8/24,4,3,8.6,5,2.5,2
8,嘉義,天秤,2012/8/23,4.6,3,8.4,5,0.8,4
8,嘉義,天秤,2012/8/22,5.3,3,9.4,5,59,4
8,嘉義,啟德,2012/8/15,4.9,3,7.8,4,1.5,4
8,嘉義,海葵,2012/8/7,6.2,4,8.6,5,14.5,4
8,嘉義,蘇拉,2012/8/3,7.8,4,13.6,6,16.9,4
8,嘉義,蘇拉,2012/8/2,9.5,5,21.6,9,173,2
8,嘉義,蘇拉,2012/8/1,10.7,5,20.9,9,8.5,4
8,嘉義,蘇拉,2012/7/31,4.6,3,7,4,2.8,4
8,嘉義,杜蘇芮,2012/6/29,5.2,3,8.8,5,5.5,4
8,嘉義,泰利,2012/6/21,6.2,4,10.4,5,5.1,4
8,嘉義,泰利,2012/6/20,8.3,5,16.9,7,100,2
8,嘉義,南瑪都,2011/8/31,6.3,4,13.6,6,16.5,4
8,嘉義,南瑪都,2011/8/30,8.6,5,16.8,7,54.5,4
8,嘉義,南瑪都,2011/8/29,7,4,13.9,7,11.5,2
8,嘉義,南瑪都,2011/8/28,4.6,3,7.3,4,2.2,4
8,嘉義,梅花,2011/8/6,5.8,4,8.4,5,0,4
8,嘉義,梅花,2011/8/5,6.3,4,11.7,6,0,4
8,嘉義,米雷,2011/6/25,5.2,3,8.5,5,29,4
8,嘉義,米雷,2011/6/24,5.7,4,9.7,5,4,4
8,嘉義,桑達,2011/5/28,8,5,13.9,7,0,4
8,嘉義,艾利,2011/5/10,5.6,4,9.8,5,0,4
8,嘉義,梅姬,2010/10/23,7.3,4,15.8,7,0,4
8,嘉義,梅姬,2010/10/22,5.2,3,8.1,5,11.9,4
8,嘉義,凡那比,2010/9/20,8.9,5,21.1,9,15.5,4
8,嘉義,凡那比,2010/9/19,12.7,6,29.1,11,88,3
8,嘉義,凡那比,2010/9/18,6.5,4,12.2,6,0,4
8,嘉義,莫蘭蒂,2010/9/10,7.7,4,15.1,7,2,4
8,嘉義,萊羅克,2010/9/2,6.2,4,12.4,6,0,4
8,嘉義,萊羅克,2010/9/1,5.2,3,10.6,5,23.2,4
8,嘉義,南修,2010/8/31,6.9,4,11.3,6,0.2,4
8,嘉義,芭瑪,2009/10/6,5.9,4,9.6,5,0,4
8,嘉義,芭瑪,2009/10/5,3.7,3,5.6,4,6,4
8,嘉義,芭瑪,2009/10/4,5.5,4,9.2,5,0.3,4
8,嘉義,莫拉克,2009/8/10,7.6,4,15.1,7,50.6,4
8,嘉義,莫拉克,2009/8/9,14.3,7,26.4,10,365,3
8,嘉義,莫拉克,2009/8/8,16.6,7,29.3,11,243,3
8,嘉義,莫拉克,2009/8/7,10.7,5,28.5,11,50.5,3
8,嘉義,莫拉克,2009/8/6,6.8,4,18.5,8,39.5,4
8,嘉義,莫拉菲,2009/7/18,5.2,3,9.3,5,0.3,4
8,嘉義,蓮花,2009/6/22,9.4,5,17.5,8,6.8,4
8,嘉義,蓮花,2009/6/21,9.2,5,22.3,9,36.5,4
8,嘉義,薔密,2008/9/29,12.5,6,22.8,9,170.5,2
8,嘉義,薔密,2008/9/28,9.8,5,20.8,9,83,2
8,嘉義,薔密,2008/9/27,4.3,3,6.6,4,0,4
8,嘉義,哈格比,2008/9/23,3.6,3,6.5,4,0,4
8,嘉義,哈格比,2008/9/22,5,3,8.1,5,0,4
8,嘉義,辛樂克,2008/9/16,4.8,3,7,4,7.5,4
8,嘉義,辛樂克,2008/9/15,6.5,4,12,6,1.5,4
8,嘉義,辛樂克,2008/9/14,7.6,4,16.5,7,150,2
8,嘉義,辛樂克,2008/9/13,10,5,19,8,10.5,2
8,嘉義,辛樂克,2008/9/12,10.8,6,18.8,8,4.7,4
8,嘉義,如麗,2008/8/21,6.7,4,16.3,7,2,4
8,嘉義,如麗,2008/8/20,3.4,3,6.6,4,0,4
8,嘉義,鳳凰,2008/7/29,8.7,5,18.7,8,46.4,4
8,嘉義,鳳凰,2008/7/28,15.1,7,29,11,178.8,3
8,嘉義,鳳凰,2008/7/27,7.2,4,11.9,6,0,4
8,嘉義,卡玫基,2008/7/18,13.9,7,22.1,9,237,1
8,嘉義,卡玫基,2008/7/17,8.1,5,14.5,7,127.2,4
8,嘉義,米塔,2007/11/27,9.4,5,17.3,8,15,4
8,嘉義,柯羅莎,2007/10/7,12.7,6,21.4,9,120.5,4
8,嘉義,柯羅莎,2007/10/6,13.3,6,27.3,10,121.1,3
8,嘉義,柯羅莎,2007/10/5,5.4,3,10.4,5,0.6,4
8,嘉義,韋帕,2007/9/19,5.8,4,10.8,6,2,4
8,嘉義,韋帕,2007/9/18,7.1,4,14.4,7,48.3,4
8,嘉義,聖帕,2007/8/19,7.5,4,16.4,7,174.9,4
8,嘉義,聖帕,2007/8/18,8.6,5,19.3,8,105.3,2
8,嘉義,聖帕,2007/8/17,3,2,6.3,4,1.6,4
8,嘉義,梧提,2007/8/9,4.7,3,9.6,5,3.5,4
8,嘉義,帕布,2007/8/8,4.4,3,8.2,5,1.5,4
8,嘉義,帕布,2007/8/7,4,3,7.3,4,7.5,4
8,嘉義,珊珊,2006/9/16,6.2,4,12.9,6,10.5,4
8,嘉義,珊珊,2006/9/15,5.2,3,10.2,5,0,4
8,嘉義,桑美,2006/8/10,5.1,3,7.9,4,22,4
8,嘉義,寶發,2006/8/9,3.5,3,6.1,4,10.5,4
8,嘉義,寶發,2006/8/8,4.3,3,8.1,5,3,4
8,嘉義,凱米,2006/7/26,6.3,4,12.3,6,18,4
8,嘉義,凱米,2006/7/25,10,5,23.4,9,54,2
8,嘉義,凱米,2006/7/24,4.2,3,8.4,5,0,4
8,嘉義,碧利斯,2006/7/15,7.4,4,18.1,8,78,4
8,嘉義,碧利斯,2006/7/14,10,5,16.4,7,154,2
8,嘉義,碧利斯,2006/7/13,9.2,5,19.1,8,60,4
8,嘉義,艾維尼,2006/7/9,4.4,3,8.4,5,63.5,4
8,嘉義,艾維尼,2006/7/8,5.3,3,10.2,5,95.4,4
8,嘉義,珍珠,2006/5/18,9.1,5,20.5,8,54,4
8,嘉義,珍珠,2006/5/17,4.8,3,7.3,4,29,4
9,臺南,天鵝,2015/8/23,9.9,5,18.2,8,1.5,4
9,臺南,天鵝,2015/8/22,4.2,3,7.3,4,0,4
9,臺南,天鵝,2015/8/21,4.6,3,7.5,4,0,4
9,臺南,蘇迪勒,2015/8/9,10.7,5,19.6,8,126,4
9,臺南,蘇迪勒,2015/8/8,17.8,8,34.4,12,151.5,3
9,臺南,蘇迪勒,2015/8/7,10.7,5,21,9,0,2
9,臺南,昌鴻,2015/7/11,6.6,4,12.4,6,1,4
9,臺南,昌鴻,2015/7/10,11.2,6,19,8,0,4
9,臺南,蓮花,2015/7/9,7.2,4,12,6,0,4
9,臺南,蓮花,2015/7/8,5.8,4,10.7,5,19,4
9,臺南,蓮花,2015/7/7,6.2,4,8.5,5,15,4
9,臺南,紅霞,2015/5/11,7,4,11.8,6,0,4
9,臺南,鳳凰,2014/9/22,4,3,6.3,4,1,4
9,臺南,鳳凰,2014/9/21,11,6,20.1,8,18,2
9,臺南,鳳凰,2014/9/20,6.4,4,11.3,6,26.5,4
9,臺南,麥德姆,2014/7/23,10.9,6,27.7,10,56.5,3
9,臺南,麥德姆,2014/7/22,6.5,4,10.8,6,1,4
9,臺南,哈吉貝,2014/6/15,6.7,4,12.4,6,5.5,4
9,臺南,菲特,2013/10/7,5.3,3,8.2,5,0,4
9,臺南,菲特,2013/10/6,11.4,6,21.7,9,0,4
9,臺南,菲特,2013/10/5,8.6,5,17.1,7,0,4
9,臺南,天兔,2013/9/22,9,5,18,8,12.5,4
9,臺南,天兔,2013/9/21,5.6,4,9.5,5,1.5,2
9,臺南,天兔,2013/9/20,5.2,3,8.3,5,0,4
9,臺南,康芮,2013/8/29,10.7,5,19.7,8,214,2
9,臺南,康芮,2013/8/28,4.8,3,8.5,5,25,4
9,臺南,潭美,2013/8/22,10,5,20.6,8,91,4
9,臺南,潭美,2013/8/21,10.2,5,21.9,9,69,4
9,臺南,西馬隆,2013/7/18,3.8,3,6.6,4,4.5,4
9,臺南,蘇力,2013/7/13,10,5,20.2,8,14,2
9,臺南,蘇力,2013/7/12,9.3,5,19,8,0,4
9,臺南,杰拉華,2012/9/28,10.7,5,19.3,8,0,4
9,臺南,天秤,2012/8/28,8.2,5,15,7,6,4
9,臺南,天秤,2012/8/27,7.7,4,15.4,7,22,4
9,臺南,天秤,2012/8/25,10.4,5,18.8,8,57,4
9,臺南,天秤,2012/8/24,10.4,5,18.4,8,10.5,4
9,臺南,天秤,2012/8/23,7.1,4,13.3,6,1,4
9,臺南,天秤,2012/8/22,6.3,4,10.3,5,28.5,4
9,臺南,啟德,2012/8/15,4.3,3,6.8,4,0,4
9,臺南,海葵,2012/8/7,5.3,3,9.1,5,42,4
9,臺南,蘇拉,2012/8/3,7.8,4,12.2,6,0,4
9,臺南,蘇拉,2012/8/2,14.4,7,26.5,10,77,3
9,臺南,蘇拉,2012/8/1,12.1,6,25.9,10,2.5,1
9,臺南,蘇拉,2012/7/31,5.1,3,9.1,5,4,4
9,臺南,杜蘇芮,2012/6/29,9.3,5,14.9,7,0,4
9,臺南,泰利,2012/6/21,6.8,4,10.1,5,32,4
9,臺南,泰利,2012/6/20,12.9,6,24.2,9,102.5,2
9,臺南,南瑪都,2011/8/31,6.6,4,13.1,6,26,4
9,臺南,南瑪都,2011/8/30,9.8,5,18.2,8,52,4
9,臺南,南瑪都,2011/8/29,10.8,6,21.3,9,82.3,2
9,臺南,南瑪都,2011/8/28,8.9,5,14.1,7,4,4
9,臺南,梅花,2011/8/6,5.6,4,10.3,5,0,4
9,臺南,梅花,2011/8/5,9,5,14.2,7,1,4
9,臺南,米雷,2011/6/25,6.7,4,11.9,6,0.5,4
9,臺南,米雷,2011/6/24,6.8,4,12.9,6,0,4
9,臺南,桑達,2011/5/28,9.8,5,17.5,8,0,4
9,臺南,艾利,2011/5/10,7.9,4,13,6,0,4
9,臺南,梅姬,2010/10/23,10.8,6,19.5,8,38,4
9,臺南,梅姬,2010/10/22,9.4,5,19.6,8,15,2
9,臺南,凡那比,2010/9/20,15.3,7,26.2,10,72,3
9,臺南,凡那比,2010/9/19,18.6,8,32.8,12,160,3
9,臺南,凡那比,2010/9/18,9.2,5,17.5,8,0,4
9,臺南,莫蘭蒂,2010/9/10,8.9,5,17,7,12.5,4
9,臺南,萊羅克,2010/9/2,9.9,5,17.9,8,4,4
9,臺南,萊羅克,2010/9/1,9.8,5,16.9,7,86.5,2
9,臺南,南修,2010/8/31,5.9,4,10.2,5,5.5,4
9,臺南,芭瑪,2009/10/6,4.9,3,9.2,5,0,4
9,臺南,芭瑪,2009/10/5,5.9,4,9.8,5,15.5,4
9,臺南,芭瑪,2009/10/4,6,4,10.3,5,0.3,4
9,臺南,莫拉克,2009/8/10,9.8,5,22.3,9,12,4
9,臺南,莫拉克,2009/8/9,12.4,6,24.9,10,100.5,3
9,臺南,莫拉克,2009/8/8,16.5,7,33.5,12,523.5,3
9,臺南,莫拉克,2009/8/7,16.3,7,30.2,11,101.5,3
9,臺南,莫拉克,2009/8/6,10.6,5,19.6,8,11,4
9,臺南,莫拉菲,2009/7/18,13.3,6,21.9,9,2.5,4
9,臺南,蓮花,2009/6/22,8.7,5,16.4,7,0,4
9,臺南,蓮花,2009/6/21,13.9,7,27.3,10,95,1
9,臺南,薔密,2008/9/29,8.9,5,19,8,99,2
9,臺南,薔密,2008/9/28,13.7,6,26.5,10,84,3
9,臺南,薔密,2008/9/27,6.3,4,10.2,5,0,4
9,臺南,哈格比,2008/9/23,5.7,4,9.4,5,0,4
9,臺南,哈格比,2008/9/22,4.2,3,7.1,4,0,4
9,臺南,辛樂克,2008/9/16,4.1,3,6.9,4,0.5,4
9,臺南,辛樂克,2008/9/15,6.3,4,11.8,6,5,4
9,臺南,辛樂克,2008/9/14,10,5,18.5,8,113.5,2
9,臺南,辛樂克,2008/9/13,11.2,6,22.7,9,4,2
9,臺南,辛樂克,2008/9/12,10.4,5,21.7,9,0,4
9,臺南,如麗,2008/8/21,12.7,6,23.3,9,0,4
9,臺南,如麗,2008/8/20,6.7,4,9.8,5,0,4
9,臺南,鳳凰,2008/7/29,12,6,21.6,9,43,4
9,臺南,鳳凰,2008/7/28,13.5,6,27.4,10,98.5,3
9,臺南,鳳凰,2008/7/27,8.9,5,16.4,7,0,4
9,臺南,卡玫基,2008/7/18,10.4,5,22.6,9,118,4
9,臺南,卡玫基,2008/7/17,10.8,6,20.9,9,99.5,4
9,臺南,米塔,2007/11/27,12,6,20.9,9,7.5,4
9,臺南,柯羅莎,2007/10/7,9.6,5,18.4,8,90,4
9,臺南,柯羅莎,2007/10/6,14.2,7,27.5,10,79.5,3
9,臺南,柯羅莎,2007/10/5,8.2,5,15.1,7,0.7,4
9,臺南,韋帕,2007/9/19,6.6,4,12,6,0,4
9,臺南,韋帕,2007/9/18,9.9,5,18.9,8,14.5,4
9,臺南,聖帕,2007/8/19,11.5,6,21.9,9,70,4
9,臺南,聖帕,2007/8/18,14.2,7,26.1,10,86.7,3
9,臺南,聖帕,2007/8/17,3.5,3,5.8,4,50,4
9,臺南,梧提,2007/8/9,5.8,4,9,5,140.5,4
9,臺南,帕布,2007/8/8,8.6,5,14.3,7,12,4
9,臺南,帕布,2007/8/7,5.9,4,8.9,5,3.5,4
9,臺南,珊珊,2006/9/16,8.7,5,15.9,7,0.7,4
9,臺南,珊珊,2006/9/15,8.8,5,16.9,7,1,4
9,臺南,桑美,2006/8/10,5.5,4,9.5,5,7.5,4
9,臺南,寶發,2006/8/9,6.5,4,11.3,6,17,4
9,臺南,寶發,2006/8/8,7,4,11.4,6,3,4
9,臺南,凱米,2006/7/26,9.8,5,16.6,7,51.5,4
9,臺南,凱米,2006/7/25,12.6,6,24.6,10,100.5,1
9,臺南,凱米,2006/7/24,9.9,5,19.3,8,0,4
9,臺南,碧利斯,2006/7/15,14.9,7,25,10,102.5,1
9,臺南,碧利斯,2006/7/14,10.8,6,19.5,8,147,4
9,臺南,碧利斯,2006/7/13,13.7,6,25.3,10,27,1
9,臺南,艾維尼,2006/7/9,7.2,4,12.4,6,21,4
9,臺南,艾維尼,2006/7/8,5.6,4,10.2,5,13.5,4
9,臺南,珍珠,2006/5/18,14.2,7,27.8,10,28.5,3
9,臺南,珍珠,2006/5/17,12.4,6,21.3,9,7.2,4
10,高雄,天鵝,2015/8/23,8.7,5,18,8,1,4
10,高雄,天鵝,2015/8/22,2.6,2,4.3,3,0,4
10,高雄,天鵝,2015/8/21,3.7,3,6.5,4,0,4
10,高雄,蘇迪勒,2015/8/9,7.2,4,14.7,7,60.5,4
10,高雄,蘇迪勒,2015/8/8,16.6,7,31,11,162.5,3
10,高雄,蘇迪勒,2015/8/7,7.3,4,12.9,6,0,2
10,高雄,昌鴻,2015/7/11,6.6,4,11.8,6,1,4
10,高雄,昌鴻,2015/7/10,8.6,5,15.8,7,0,4
10,高雄,蓮花,2015/7/9,7.5,4,12.7,6,1,4
10,高雄,蓮花,2015/7/8,8.1,5,17.6,8,39,4
10,高雄,蓮花,2015/7/7,4.5,3,8.1,5,19.5,4
10,高雄,紅霞,2015/5/11,7.1,4,11.9,6,0,4
10,高雄,鳳凰,2014/9/22,3.8,3,6.2,4,0.5,4
10,高雄,鳳凰,2014/9/21,10.6,5,19.7,8,109.5,2
10,高雄,鳳凰,2014/9/20,6.3,4,13.9,7,5,2
10,高雄,麥德姆,2014/7/23,12.8,6,23.5,9,118.5,2
10,高雄,麥德姆,2014/7/22,6.1,4,12,6,23.5,4
10,高雄,哈吉貝,2014/6/15,6.3,4,14.7,7,103,4
10,高雄,菲特,2013/10/7,4.8,3,6.9,4,0,4
10,高雄,菲特,2013/10/6,8.9,5,21.6,9,0,4
10,高雄,菲特,2013/10/5,6.6,4,9.6,5,0,4
10,高雄,天兔,2013/9/22,9.3,5,20.3,8,35,4
10,高雄,天兔,2013/9/21,4.9,3,13.2,6,10.5,2
10,高雄,天兔,2013/9/20,3.8,3,6.2,4,0,4
10,高雄,康芮,2013/8/29,10.3,5,17.4,8,293,2
10,高雄,康芮,2013/8/28,4.1,3,7.6,4,28.5,4
10,高雄,潭美,2013/8/22,7.8,4,15.4,7,22.5,4
10,高雄,潭美,2013/8/21,9.5,5,17.8,8,44,4
10,高雄,西馬隆,2013/7/18,4.7,3,8.6,5,4.5,4
10,高雄,蘇力,2013/7/13,9.9,5,17.9,8,4,2
10,高雄,蘇力,2013/7/12,8.4,5,18.4,8,0,4
10,高雄,杰拉華,2012/9/28,6.2,4,12,6,0,4
10,高雄,天秤,2012/8/28,9.9,5,20.4,8,26.5,4
10,高雄,天秤,2012/8/27,6.4,4,13.3,6,26.5,4
10,高雄,天秤,2012/8/25,8.5,5,15.6,7,97,4
10,高雄,天秤,2012/8/24,11,6,21.9,9,59.5,2
10,高雄,天秤,2012/8/23,3.6,3,6.1,4,1.5,4
10,高雄,天秤,2012/8/22,4.8,3,8.6,5,0,4
10,高雄,啟德,2012/8/15,2.6,2,4.4,3,0,4
10,高雄,海葵,2012/8/7,4.2,3,7.9,4,134.5,4
10,高雄,蘇拉,2012/8/3,3.5,3,6.9,4,0,4
10,高雄,蘇拉,2012/8/2,12.7,6,24.5,10,56.5,3
10,高雄,蘇拉,2012/8/1,10.2,5,21.8,9,0.5,4
10,高雄,蘇拉,2012/7/31,3,2,5.4,3,3.5,4
10,高雄,杜蘇芮,2012/6/29,8.1,5,15.7,7,0,4
10,高雄,泰利,2012/6/21,4.8,3,8.4,5,57,4
10,高雄,泰利,2012/6/20,10.8,6,22.4,9,137,2
10,高雄,南瑪都,2011/8/31,5.6,4,10.1,5,10.5,4
10,高雄,南瑪都,2011/8/30,7.6,4,15.2,7,104.5,4
10,高雄,南瑪都,2011/8/29,9.4,5,21.4,9,172.5,2
10,高雄,南瑪都,2011/8/28,7.4,4,13.2,6,10.5,4
10,高雄,梅花,2011/8/6,5.3,3,10.4,5,0,4
10,高雄,梅花,2011/8/5,7.3,4,15.6,7,0.5,4
10,高雄,米雷,2011/6/25,5.3,3,13.5,6,0.5,4
10,高雄,米雷,2011/6/24,4.7,3,9.2,5,0,4
10,高雄,桑達,2011/5/28,6.7,4,13.1,6,0,4
10,高雄,艾利,2011/5/10,7.2,4,13.9,7,0,4
10,高雄,梅姬,2010/10/23,8.5,5,16.6,7,15.5,4
10,高雄,梅姬,2010/10/22,9.3,5,20.3,8,22.5,2
10,高雄,凡那比,2010/9/20,10.9,6,22.5,9,76.5,2
10,高雄,凡那比,2010/9/19,15,7,29.5,11,426.5,3
10,高雄,凡那比,2010/9/18,7.6,4,14.9,7,0,4
10,高雄,莫蘭蒂,2010/9/10,7.7,4,14.6,7,15.5,4
10,高雄,萊羅克,2010/9/2,7.1,4,13.7,6,39,4
10,高雄,萊羅克,2010/9/1,8.7,5,17.6,8,73.5,2
10,高雄,南修,2010/8/31,6.8,4,13.7,6,8.5,4
10,高雄,芭瑪,2009/10/6,3.1,2,5.4,3,0.5,4
10,高雄,芭瑪,2009/10/5,3.4,3,6.2,4,45,4
10,高雄,芭瑪,2009/10/4,5,3,7.4,4,3,4
10,高雄,莫拉克,2009/8/10,6.8,4,15.2,7,60,4
10,高雄,莫拉克,2009/8/9,10.2,5,23.3,9,52,2
10,高雄,莫拉克,2009/8/8,13.9,7,30.2,11,507,3
10,高雄,莫拉克,2009/8/7,14.3,7,28.7,11,216.5,3
10,高雄,莫拉克,2009/8/6,8.1,5,17.5,8,6,4
10,高雄,莫拉菲,2009/7/18,9.1,5,19.4,8,28.5,4
10,高雄,蓮花,2009/6/22,6,4,11.8,6,1,4
10,高雄,蓮花,2009/6/21,9.7,5,20.8,9,91.5,4
10,高雄,薔密,2008/9/29,8.7,5,17.1,7,86,2
10,高雄,薔密,2008/9/28,12.6,6,23.4,9,63,2
10,高雄,薔密,2008/9/27,3,2,5.4,3,0,4
10,高雄,哈格比,2008/9/23,7.8,4,16.9,7,0.5,4
10,高雄,哈格比,2008/9/22,4.4,3,7.4,4,4.5,4
10,高雄,辛樂克,2008/9/16,3.6,3,6.2,4,0,4
10,高雄,辛樂克,2008/9/15,5,3,10.4,5,0,4
10,高雄,辛樂克,2008/9/14,9.4,5,18.1,8,50,2
10,高雄,辛樂克,2008/9/13,10.1,5,21.9,9,14,2
10,高雄,辛樂克,2008/9/12,7.9,4,17.1,7,0,4
10,高雄,如麗,2008/8/21,8.4,5,19.2,8,7,4
10,高雄,如麗,2008/8/20,4.5,3,7.2,4,25.5,4
10,高雄,鳳凰,2008/7/29,11.6,6,19.4,8,89,4
10,高雄,鳳凰,2008/7/28,13.6,6,25.2,10,83.5,3
10,高雄,鳳凰,2008/7/27,5.5,4,10.1,5,0.5,4
10,高雄,卡玫基,2008/7/18,8.3,5,17.6,8,78,4
10,高雄,卡玫基,2008/7/17,8.6,5,16.6,7,269,4
10,高雄,米塔,2007/11/27,6.3,4,12.7,6,31.5,4
10,高雄,柯羅莎,2007/10/7,10.2,5,18.8,8,49,4
10,高雄,柯羅莎,2007/10/6,13.7,6,25.7,10,27,3
10,高雄,柯羅莎,2007/10/5,4.2,3,9.1,5,3,4
10,高雄,韋帕,2007/9/19,4.2,3,7.2,4,3.5,4
10,高雄,韋帕,2007/9/18,9.3,5,18.2,8,5,4
10,高雄,聖帕,2007/8/19,9.4,5,19.1,8,72,4
10,高雄,聖帕,2007/8/18,16,7,28.4,10,61,3
10,高雄,聖帕,2007/8/17,3,2,4.8,3,2,4
10,高雄,梧提,2007/8/9,5.7,4,10,5,52.5,4
10,高雄,帕布,2007/8/8,10.3,5,19.8,8,68,4
10,高雄,帕布,2007/8/7,5.1,3,8.9,5,10,4
10,高雄,珊珊,2006/9/16,8.1,5,15,7,2.5,4
10,高雄,珊珊,2006/9/15,8.7,5,17.7,8,0,4
10,高雄,桑美,2006/8/10,4.6,3,9,5,0,4
10,高雄,寶發,2006/8/9,6.7,4,12.7,6,8,4
10,高雄,寶發,2006/8/8,4.3,3,7.1,4,0,4
10,高雄,凱米,2006/7/26,7.9,4,16.8,7,46.5,4
10,高雄,凱米,2006/7/25,14.3,7,24.9,10,94,3
10,高雄,凱米,2006/7/24,9.9,5,16.4,7,7.5,4
10,高雄,碧利斯,2006/7/15,8,5,20.9,9,39.5,4
10,高雄,碧利斯,2006/7/14,13.3,6,23.4,9,298.5,4
10,高雄,碧利斯,2006/7/13,11.3,6,26.5,10,18.5,1
10,高雄,艾維尼,2006/7/9,7.3,4,12.3,6,29.5,4
10,高雄,艾維尼,2006/7/8,7,4,13.6,6,245,4
10,高雄,珍珠,2006/5/18,9.7,5,18.3,8,11,4
10,高雄,珍珠,2006/5/17,8.8,5,17.4,8,17,4
11,恆春,天鵝,2015/8/23,8,5,18.5,8,0.2,4
11,恆春,天鵝,2015/8/22,7.1,4,17,7,61.5,4
11,恆春,天鵝,2015/8/21,10,5,19,8,15.5,4
11,恆春,蘇迪勒,2015/8/9,5.8,4,14.3,7,0,4
11,恆春,蘇迪勒,2015/8/8,16,7,34.9,12,13,3
11,恆春,蘇迪勒,2015/8/7,3.3,2,6.3,4,0,2
11,恆春,昌鴻,2015/7/11,7,4,17.6,8,0,4
11,恆春,昌鴻,2015/7/10,7.9,4,15.9,7,0,4
11,恆春,蓮花,2015/7/9,4.1,3,6.9,4,44.5,4
11,恆春,蓮花,2015/7/8,6.1,4,14.6,7,49.5,4
11,恆春,蓮花,2015/7/7,6.4,4,12.9,6,169,4
11,恆春,紅霞,2015/5/11,7.4,4,14.8,7,29.1,4
11,恆春,鳳凰,2014/9/22,4.7,3,8.9,5,45,4
11,恆春,鳳凰,2014/9/21,12.9,6,28.3,10,260,3
11,恆春,鳳凰,2014/9/20,9.1,5,19.3,8,73.5,2
11,恆春,麥德姆,2014/7/23,8.8,5,19.9,8,45,2
11,恆春,麥德姆,2014/7/22,7.2,4,14.6,7,21.5,4
11,恆春,哈吉貝,2014/6/15,4.2,3,9.5,5,10,4
11,恆春,菲特,2013/10/7,4.4,3,9.2,5,0,4
11,恆春,菲特,2013/10/6,9.8,5,20,8,0,4
11,恆春,菲特,2013/10/5,3.3,2,6.5,4,0,4
11,恆春,天兔,2013/9/22,9.6,5,20.9,9,85.5,4
11,恆春,天兔,2013/9/21,19.1,8,45.5,14,298.5,3
11,恆春,天兔,2013/9/20,8.7,5,21,9,11.5,4
11,恆春,康芮,2013/8/29,7.6,4,19.1,8,144,2
11,恆春,康芮,2013/8/28,6.7,4,16.8,7,32,4
11,恆春,潭美,2013/8/22,6.5,4,14.7,7,2.5,4
11,恆春,潭美,2013/8/21,8.6,5,19.9,8,8,4
11,恆春,西馬隆,2013/7/18,6.9,4,13.3,6,28.5,4
11,恆春,蘇力,2013/7/13,10.9,6,24.8,10,0,3
11,恆春,蘇力,2013/7/12,10.5,5,20.8,9,0,4
11,恆春,杰拉華,2012/9/28,3.9,3,7.7,4,0,4
11,恆春,天秤,2012/8/28,14.6,7,31.8,11,53,3
11,恆春,天秤,2012/8/27,11.8,6,23.1,9,43,2
11,恆春,天秤,2012/8/25,5.1,3,12.4,6,57.5,4
11,恆春,天秤,2012/8/24,20.5,8,41.1,13,615,3
11,恆春,天秤,2012/8/23,3.5,3,7.1,4,5,4
11,恆春,天秤,2012/8/22,3.7,3,7.5,4,0,4
11,恆春,啟德,2012/8/15,8.4,5,18.1,8,19.8,4
11,恆春,海葵,2012/8/7,6.8,4,14.2,7,18.5,4
11,恆春,蘇拉,2012/8/3,4.9,3,10.1,5,0,4
11,恆春,蘇拉,2012/8/2,8.4,5,25.1,10,9,3
11,恆春,蘇拉,2012/8/1,7.7,4,23.8,9,1.3,4
11,恆春,蘇拉,2012/7/31,3.1,2,6,4,23.5,4
11,恆春,杜蘇芮,2012/6/29,6.5,4,12.2,6,10,4
11,恆春,泰利,2012/6/21,3.3,2,7.5,4,53,4
11,恆春,泰利,2012/6/20,8.3,5,22.9,9,65,2
11,恆春,南瑪都,2011/8/31,6.3,4,17.5,8,111.5,4
11,恆春,南瑪都,2011/8/30,6.8,4,15.9,7,339.5,2
11,恆春,南瑪都,2011/8/29,12,6,32.6,11,271.5,3
11,恆春,南瑪都,2011/8/28,13.7,6,31.6,11,340,3
11,恆春,梅花,2011/8/6,6.7,4,12.5,6,0,4
11,恆春,梅花,2011/8/5,6.7,4,13.6,6,0,4
11,恆春,米雷,2011/6/25,7.8,4,18.2,8,23.5,4
11,恆春,米雷,2011/6/24,5.8,4,11.9,6,0,4
11,恆春,桑達,2011/5/28,5.2,3,10.4,5,0,4
11,恆春,艾利,2011/5/10,4.9,3,9.6,5,3,4
11,恆春,梅姬,2010/10/23,5.4,3,11.4,6,0,4
11,恆春,梅姬,2010/10/22,11.3,6,27.1,10,100,3
11,恆春,凡那比,2010/9/20,8,5,14.6,7,14.5,2
11,恆春,凡那比,2010/9/19,13.2,6,27.4,10,150.5,3
11,恆春,凡那比,2010/9/18,6.1,4,19.9,8,0,4
11,恆春,莫蘭蒂,2010/9/10,5.4,3,12.8,6,6,4
11,恆春,萊羅克,2010/9/2,5.2,3,11.2,6,96.5,4
11,恆春,萊羅克,2010/9/1,8.3,5,16.8,7,83.5,2
11,恆春,南修,2010/8/31,5.2,3,10.9,6,16,4
11,恆春,芭瑪,2009/10/6,11.5,6,26,10,34.5,1
11,恆春,芭瑪,2009/10/5,6.6,4,13.2,6,81,2
11,恆春,芭瑪,2009/10/4,12.8,6,27,10,49,1
11,恆春,莫拉克,2009/8/10,5.4,3,12.7,6,3,4
11,恆春,莫拉克,2009/8/9,9.7,5,24.8,10,26.5,3
11,恆春,莫拉克,2009/8/8,15,7,36.1,12,406.5,3
11,恆春,莫拉克,2009/8/7,16.2,7,34,12,294,3
11,恆春,莫拉克,2009/8/6,8.1,5,19.8,8,2.5,4
11,恆春,莫拉菲,2009/7/18,9.3,5,22.6,9,18.5,4
11,恆春,蓮花,2009/6/22,5.1,3,11.1,6,0,4
11,恆春,蓮花,2009/6/21,8.1,5,16.5,7,6.8,4
11,恆春,薔密,2008/9/29,5.8,4,13.2,6,19.5,2
11,恆春,薔密,2008/9/28,12.4,6,28.6,11,35.5,3
11,恆春,薔密,2008/9/27,9.3,5,19.7,8,0.7,4
11,恆春,哈格比,2008/9/23,11.4,6,22.9,9,11,4
11,恆春,哈格比,2008/9/22,14.4,7,31.8,11,47.5,1
11,恆春,辛樂克,2008/9/16,4.8,3,10.4,5,1.5,4
11,恆春,辛樂克,2008/9/15,4.8,3,10.7,5,0,4
11,恆春,辛樂克,2008/9/14,10.2,5,24,9,1,2
11,恆春,辛樂克,2008/9/13,12.9,6,28.4,10,4,3
11,恆春,辛樂克,2008/9/12,8,5,19.6,8,0,4
11,恆春,如麗,2008/8/21,7.2,4,16.1,7,18.5,4
11,恆春,如麗,2008/8/20,8.5,5,17.5,8,22.5,4
11,恆春,鳳凰,2008/7/29,7.5,4,16.4,7,57,4
11,恆春,鳳凰,2008/7/28,13.6,6,27.4,10,86,3
11,恆春,鳳凰,2008/7/27,2.4,2,4.8,3,0.5,4
11,恆春,卡玫基,2008/7/18,6.7,4,15.9,7,62.2,4
11,恆春,卡玫基,2008/7/17,8.6,5,21.1,9,147.5,4
11,恆春,米塔,2007/11/27,10.2,5,23.3,9,62,4
11,恆春,柯羅莎,2007/10/7,7.5,4,17,7,1,4
11,恆春,柯羅莎,2007/10/6,15.5,7,32.3,11,0.5,3
11,恆春,柯羅莎,2007/10/5,3.5,3,7,4,3,4
11,恆春,韋帕,2007/9/19,5.3,3,10.3,5,0,4
11,恆春,韋帕,2007/9/18,9.8,5,22,9,0.8,4
11,恆春,聖帕,2007/8/19,7.1,4,14.2,7,95.7,4
11,恆春,聖帕,2007/8/18,9.4,5,22.4,9,40.5,2
11,恆春,聖帕,2007/8/17,5.4,3,13.1,6,48.5,4
11,恆春,梧提,2007/8/9,4.8,3,9.4,5,109,4
11,恆春,帕布,2007/8/8,16.3,7,29.8,11,374.5,3
11,恆春,帕布,2007/8/7,7.7,4,19,8,61,4
11,恆春,珊珊,2006/9/16,6.6,4,18.3,8,1.5,4
11,恆春,珊珊,2006/9/15,5.9,4,13.7,6,25,4
11,恆春,桑美,2006/8/10,4.5,3,7.3,4,13.5,4
11,恆春,寶發,2006/8/9,7.3,4,13.6,6,12,4
11,恆春,寶發,2006/8/8,4.3,3,8.1,5,4.5,4
11,恆春,凱米,2006/7/26,7.3,4,16.3,7,61,4
11,恆春,凱米,2006/7/25,8.7,5,17.6,8,165,2
11,恆春,凱米,2006/7/24,8.9,5,19.5,8,27,4
11,恆春,碧利斯,2006/7/15,8.1,5,14.9,7,18.5,4
11,恆春,碧利斯,2006/7/14,9.9,5,21.2,9,87.3,4
11,恆春,碧利斯,2006/7/13,9.3,5,26.3,10,6.5,1
11,恆春,艾維尼,2006/7/9,7.1,4,16.7,7,41.4,4
11,恆春,艾維尼,2006/7/8,6.7,4,14.3,7,99,4
11,恆春,珍珠,2006/5/18,6.7,4,13.6,6,0.5,4
11,恆春,珍珠,2006/5/17,7.3,4,14.3,7,199.5,4
12,宜蘭,天鵝,2015/8/23,6.8,4,13.4,6,58,4
12,宜蘭,天鵝,2015/8/22,5.6,4,11.2,6,42,4
12,宜蘭,天鵝,2015/8/21,5.3,3,8.6,5,34.5,4
12,宜蘭,蘇迪勒,2015/8/9,8.8,5,20.4,8,7.4,4
12,宜蘭,蘇迪勒,2015/8/8,28.2,10,49.7,15,304,3
12,宜蘭,蘇迪勒,2015/8/7,17.7,8,30.8,11,12.9,3
12,宜蘭,昌鴻,2015/7/11,7.6,4,16.6,7,0,4
12,宜蘭,昌鴻,2015/7/10,7.2,4,17.9,8,24.9,4
12,宜蘭,蓮花,2015/7/9,8.2,5,12,6,3.3,4
12,宜蘭,蓮花,2015/7/8,8.1,5,15.9,7,11.2,4
12,宜蘭,蓮花,2015/7/7,7.1,4,15.5,7,0,4
12,宜蘭,紅霞,2015/5/11,7.7,4,13.4,6,1.7,4
12,宜蘭,鳳凰,2014/9/22,4.7,3,6.5,4,9.3,4
12,宜蘭,鳳凰,2014/9/21,10.6,5,17.5,8,70.2,2
12,宜蘭,鳳凰,2014/9/20,8.5,5,14.9,7,0,4
12,宜蘭,麥德姆,2014/7/23,14.3,7,26.5,10,102.7,3
12,宜蘭,麥德姆,2014/7/22,9.3,5,21.9,9,77.9,2
12,宜蘭,哈吉貝,2014/6/15,3.4,3,5.1,3,1.2,4
12,宜蘭,菲特,2013/10/7,6.1,4,9.4,5,1.2,4
12,宜蘭,菲特,2013/10/6,10.4,5,21,9,23.7,4
12,宜蘭,菲特,2013/10/5,5.3,3,10.6,5,26.4,4
12,宜蘭,天兔,2013/9/22,9.8,5,18.9,8,20.1,4
12,宜蘭,天兔,2013/9/21,10.5,5,20.1,8,42.4,4
12,宜蘭,天兔,2013/9/20,9.2,5,15.2,7,18.6,4
12,宜蘭,康芮,2013/8/29,3.8,3,6.7,4,12.8,2
12,宜蘭,康芮,2013/8/28,4.9,3,8.3,5,10.9,4
12,宜蘭,潭美,2013/8/22,4.1,3,8.4,5,7.9,4
12,宜蘭,潭美,2013/8/21,8.2,5,14.5,7,127.5,2
12,宜蘭,西馬隆,2013/7/18,3.8,3,7.8,4,4.4,4
12,宜蘭,蘇力,2013/7/13,22.3,9,37.1,13,151,3
12,宜蘭,蘇力,2013/7/12,15.2,7,28.7,11,42.5,3
12,宜蘭,杰拉華,2012/9/28,8.9,5,17.3,8,6,4
12,宜蘭,天秤,2012/8/28,6.5,4,10.3,5,16.6,4
12,宜蘭,天秤,2012/8/27,4.8,3,7.2,4,6.7,4
12,宜蘭,天秤,2012/8/25,6.1,4,10.4,5,15.3,4
12,宜蘭,天秤,2012/8/24,7.6,4,13.2,6,27.7,2
12,宜蘭,天秤,2012/8/23,9.1,5,12,6,6.4,2
12,宜蘭,天秤,2012/8/22,8.9,5,12.3,6,0.4,4
12,宜蘭,啟德,2012/8/15,8.2,5,12.3,6,10.7,4
12,宜蘭,海葵,2012/8/7,7.5,4,13.9,7,0,4
12,宜蘭,蘇拉,2012/8/3,4.7,3,7.1,4,0.9,4
12,宜蘭,蘇拉,2012/8/2,19.3,8,30.6,11,198.8,3
12,宜蘭,蘇拉,2012/8/1,13.6,6,23,9,212,2
12,宜蘭,蘇拉,2012/7/31,11.3,6,22.3,9,71.7,4
12,宜蘭,杜蘇芮,2012/6/29,7.9,4,15.4,7,0,4
12,宜蘭,泰利,2012/6/21,6.5,4,10.2,5,3.3,4
12,宜蘭,泰利,2012/6/20,3.1,2,4.2,3,22.2,2
12,宜蘭,南瑪都,2011/8/31,4.7,3,6.9,4,0,4
12,宜蘭,南瑪都,2011/8/30,6.2,4,13.6,6,0,4
12,宜蘭,南瑪都,2011/8/29,8.3,5,15.1,7,20.3,2
12,宜蘭,南瑪都,2011/8/28,10.3,5,18.9,8,111.8,4
12,宜蘭,梅花,2011/8/6,7.4,4,13.4,6,0,4
12,宜蘭,梅花,2011/8/5,8.2,5,14.9,7,0,4
12,宜蘭,米雷,2011/6/25,5.2,3,11.4,6,36.8,4
12,宜蘭,米雷,2011/6/24,4.8,3,8.2,5,25.4,4
12,宜蘭,桑達,2011/5/28,8.5,5,13.3,6,3.9,4
12,宜蘭,艾利,2011/5/10,6.1,4,10.9,6,0,4
12,宜蘭,梅姬,2010/10/23,7.8,4,15.1,7,1.1,4
12,宜蘭,梅姬,2010/10/22,10.1,5,16.6,7,147.5,2
12,宜蘭,凡那比,2010/9/20,8.8,5,20,8,0,4
12,宜蘭,凡那比,2010/9/19,16.8,7,29.8,11,59.1,3
12,宜蘭,凡那比,2010/9/18,5.8,4,10.2,5,4.8,2
12,宜蘭,莫蘭蒂,2010/9/10,4.9,3,10.3,5,0.2,4
12,宜蘭,萊羅克,2010/9/2,6.8,4,14.4,7,0.5,4
12,宜蘭,萊羅克,2010/9/1,6.1,4,13.8,6,3.5,4
12,宜蘭,南修,2010/8/31,3.7,3,5.8,4,9.3,4
12,宜蘭,芭瑪,2009/10/6,9,5,15.5,7,28.7,2
12,宜蘭,芭瑪,2009/10/5,13.4,6,21.5,9,199,2
12,宜蘭,芭瑪,2009/10/4,12.6,6,18.8,8,148,4
12,宜蘭,莫拉克,2009/8/10,3.9,3,6.1,4,0.5,4
12,宜蘭,莫拉克,2009/8/9,4.2,3,7.1,4,7.2,4
12,宜蘭,莫拉克,2009/8/8,11.4,6,19.4,8,11.4,2
12,宜蘭,莫拉克,2009/8/7,16.3,7,28.5,11,35.1,3
12,宜蘭,莫拉克,2009/8/6,9.7,5,14.5,7,25.4,4
12,宜蘭,莫拉菲,2009/7/18,8.9,5,18.7,8,2.1,4
12,宜蘭,蓮花,2009/6/22,3.5,3,4.9,3,0,4
12,宜蘭,蓮花,2009/6/21,3.6,3,5.1,3,4.6,4
12,宜蘭,薔密,2008/9/29,8.3,5,19.3,8,33,2
12,宜蘭,薔密,2008/9/28,29.6,11,48.5,15,198,3
12,宜蘭,薔密,2008/9/27,8.2,5,13.2,6,54,4
12,宜蘭,哈格比,2008/9/23,8.7,5,16.1,7,3,4
12,宜蘭,哈格比,2008/9/22,7.3,4,14.4,7,5,4
12,宜蘭,辛樂克,2008/9/16,7.5,4,12.7,6,0,4
12,宜蘭,辛樂克,2008/9/15,3.7,3,5.5,4,21,4
12,宜蘭,辛樂克,2008/9/14,25.5,10,44.7,14,355.5,3
12,宜蘭,辛樂克,2008/9/13,18.7,8,38.3,13,141,3
12,宜蘭,辛樂克,2008/9/12,9.7,5,18.9,8,15.5,2
12,宜蘭,如麗,2008/8/21,5.4,3,11.1,6,0,4
12,宜蘭,如麗,2008/8/20,9.4,5,15.1,7,0,4
12,宜蘭,鳳凰,2008/7/29,8.9,5,20,8,1.2,4
12,宜蘭,鳳凰,2008/7/28,15.6,7,26.5,10,76.6,3
12,宜蘭,鳳凰,2008/7/27,11.5,6,22.1,9,46.5,4
12,宜蘭,卡玫基,2008/7/18,6.8,4,15.9,7,27.7,4
12,宜蘭,卡玫基,2008/7/17,11.5,6,20.8,9,22,2
12,宜蘭,米塔,2007/11/27,3.9,3,6.1,4,69.4,4
12,宜蘭,柯羅莎,2007/10/7,4,3,5.3,3,9.5,2
12,宜蘭,柯羅莎,2007/10/6,27.6,10,47.1,15,203,3
12,宜蘭,柯羅莎,2007/10/5,10.8,6,20,8,14.5,4
12,宜蘭,韋帕,2007/9/19,2.8,2,4.1,3,16.6,4
12,宜蘭,韋帕,2007/9/18,8.9,5,16.3,7,59.5,2
12,宜蘭,聖帕,2007/8/19,8.4,5,18.3,8,41.8,4
12,宜蘭,聖帕,2007/8/18,16.6,7,27.8,10,129.6,3
12,宜蘭,聖帕,2007/8/17,8.6,5,13.3,6,82.1,2
12,宜蘭,梧提,2007/8/9,7.2,4,12.7,6,2.5,4
12,宜蘭,帕布,2007/8/8,9.5,5,18.1,8,50,4
12,宜蘭,帕布,2007/8/7,8.1,5,13,6,136.7,4
12,宜蘭,珊珊,2006/9/16,11.4,6,20.4,8,30.6,4
12,宜蘭,珊珊,2006/9/15,6.8,4,13.9,7,42.4,4
12,宜蘭,桑美,2006/8/10,4.3,3,10.1,5,0,4
12,宜蘭,寶發,2006/8/9,9.9,5,15.4,7,13.5,4
12,宜蘭,寶發,2006/8/8,8.3,5,15.2,7,47,4
12,宜蘭,凱米,2006/7/26,4.8,3,10.7,5,13.3,4
12,宜蘭,凱米,2006/7/25,11.3,6,21.9,9,17,2
12,宜蘭,凱米,2006/7/24,9.8,5,16.8,7,12.2,4
12,宜蘭,碧利斯,2006/7/15,4.4,3,6.5,4,11.4,4
12,宜蘭,碧利斯,2006/7/14,6.1,4,12.4,6,7,4
12,宜蘭,碧利斯,2006/7/13,10.7,5,19.2,8,57,2
12,宜蘭,艾維尼,2006/7/9,6.1,4,8.6,5,9.8,4
12,宜蘭,艾維尼,2006/7/8,7.5,4,12.9,6,0,4
12,宜蘭,珍珠,2006/5/18,5.9,4,8.6,5,0.7,4
12,宜蘭,珍珠,2006/5/17,6.8,4,13.7,6,65.8,4
13,花蓮,天鵝,2015/8/23,9.2,5,17.7,8,24.5,4
13,花蓮,天鵝,2015/8/22,7,4,13.4,6,183,4
13,花蓮,天鵝,2015/8/21,5.6,4,8.5,5,26,4
13,花蓮,蘇迪勒,2015/8/9,11.2,6,17.3,8,11,4
13,花蓮,蘇迪勒,2015/8/8,29,11,43.5,14,157,3
13,花蓮,蘇迪勒,2015/8/7,19.2,8,39.2,13,36,3
13,花蓮,昌鴻,2015/7/11,5.1,3,7.5,4,0,4
13,花蓮,昌鴻,2015/7/10,5.5,4,7.6,4,0,4
13,花蓮,蓮花,2015/7/9,9.6,5,15.8,7,0,4
13,花蓮,蓮花,2015/7/8,9.9,5,15.4,7,4.5,4
13,花蓮,蓮花,2015/7/7,9.5,5,12.4,6,0,4
13,花蓮,紅霞,2015/5/11,7.5,4,12.1,6,18,4
13,花蓮,鳳凰,2014/9/22,7.7,4,12.8,6,0.5,4
13,花蓮,鳳凰,2014/9/21,11.4,6,19.5,8,152.5,2
13,花蓮,鳳凰,2014/9/20,6.1,4,8.8,5,3.5,4
13,花蓮,麥德姆,2014/7/23,24.4,9,34.6,12,179,3
13,花蓮,麥德姆,2014/7/22,15.6,7,25.3,10,145.5,3
13,花蓮,哈吉貝,2014/6/15,7.4,4,10.8,6,7.5,4
13,花蓮,菲特,2013/10/7,6.8,4,9.4,5,28,4
13,花蓮,菲特,2013/10/6,5.5,4,9.1,5,26,4
13,花蓮,菲特,2013/10/5,5.6,4,9.4,5,0,4
13,花蓮,天兔,2013/9/22,8.6,5,14.6,7,152.5,4
13,花蓮,天兔,2013/9/21,12.3,6,23,9,115,2
13,花蓮,天兔,2013/9/20,11.1,6,17.7,8,5.5,4
13,花蓮,康芮,2013/8/29,7.5,4,12.8,6,5.5,2
13,花蓮,康芮,2013/8/28,7.8,4,13.7,6,0.5,4
13,花蓮,潭美,2013/8/22,11.8,6,17.8,8,8.5,4
13,花蓮,潭美,2013/8/21,6.7,4,10.2,5,26,2
13,花蓮,西馬隆,2013/7/18,5,3,7.3,4,3.5,4
13,花蓮,蘇力,2013/7/13,13.9,7,23.7,9,6.5,3
13,花蓮,蘇力,2013/7/12,12.7,6,23,9,3,2
13,花蓮,杰拉華,2012/9/28,12.7,6,21.4,9,4.5,4
13,花蓮,天秤,2012/8/28,9.7,5,17.9,8,21,2
13,花蓮,天秤,2012/8/27,11.9,6,18,8,8,4
13,花蓮,天秤,2012/8/25,6.1,4,9.2,5,63,4
13,花蓮,天秤,2012/8/24,8.3,5,14.8,7,55.5,2
13,花蓮,天秤,2012/8/23,12.9,6,23.2,9,26,2
13,花蓮,天秤,2012/8/22,8.4,5,16.1,7,0,4
13,花蓮,啟德,2012/8/15,6,4,8,5,8.5,4
13,花蓮,海葵,2012/8/7,5.9,4,8.2,5,0,4
13,花蓮,蘇拉,2012/8/3,4.3,3,7.2,4,0,4
13,花蓮,蘇拉,2012/8/2,15.5,7,26.5,10,149.5,3
13,花蓮,蘇拉,2012/8/1,12.5,6,23.4,9,87,2
13,花蓮,蘇拉,2012/7/31,12.3,6,25.9,10,125,1
13,花蓮,杜蘇芮,2012/6/29,8.2,5,9.9,5,12.5,4
13,花蓮,泰利,2012/6/21,6,4,8.2,5,4,4
13,花蓮,泰利,2012/6/20,4.6,3,6.7,4,23.5,2
13,花蓮,南瑪都,2011/8/31,4.2,3,6.3,4,0,4
13,花蓮,南瑪都,2011/8/30,8.3,5,12.3,6,0.5,4
13,花蓮,南瑪都,2011/8/29,11.4,6,16.3,7,63.5,2
13,花蓮,南瑪都,2011/8/28,8.5,5,16.4,7,280,4
13,花蓮,梅花,2011/8/6,6.8,4,8.8,5,0,4
13,花蓮,梅花,2011/8/5,5.7,4,8.9,5,0,4
13,花蓮,米雷,2011/6/25,7.7,4,10.4,5,1.5,4
13,花蓮,米雷,2011/6/24,8.8,5,15.7,7,2.5,4
13,花蓮,桑達,2011/5/28,9.5,5,17.2,8,15,4
13,花蓮,艾利,2011/5/10,7.2,4,9.4,5,15.5,4
13,花蓮,梅姬,2010/10/23,9,5,12.7,6,1,4
13,花蓮,梅姬,2010/10/22,8.6,5,16.4,7,27.5,4
13,花蓮,凡那比,2010/9/20,9.1,5,14.4,7,19,4
13,花蓮,凡那比,2010/9/19,30.1,11,58.4,17,225.1,3
13,花蓮,凡那比,2010/9/18,6.5,4,8.7,5,0,2
13,花蓮,莫蘭蒂,2010/9/10,10.8,6,17,7,31,4
13,花蓮,萊羅克,2010/9/2,6.7,4,8.9,5,4.5,4
13,花蓮,萊羅克,2010/9/1,7.6,4,13.1,6,67,4
13,花蓮,南修,2010/8/31,6.4,4,10.2,5,0,4
13,花蓮,芭瑪,2009/10/6,10.5,5,17.9,8,120,4
13,花蓮,芭瑪,2009/10/5,8.8,5,14.6,7,330,4
13,花蓮,芭瑪,2009/10/4,5.8,4,10.1,5,58.5,4
13,花蓮,莫拉克,2009/8/10,4.2,3,6.1,4,0.5,4
13,花蓮,莫拉克,2009/8/9,9,5,15.4,7,27,4
13,花蓮,莫拉克,2009/8/8,18.5,8,26.4,10,57,1
13,花蓮,莫拉克,2009/8/7,25.7,10,45.5,14,59,3
13,花蓮,莫拉克,2009/8/6,6.8,4,10.1,5,3.5,4
13,花蓮,莫拉菲,2009/7/18,12.3,6,17.5,8,43.5,4
13,花蓮,蓮花,2009/6/22,7.5,4,10.5,5,0,4
13,花蓮,蓮花,2009/6/21,7.7,4,11.1,6,74.5,4
13,花蓮,薔密,2008/9/29,8.6,5,13.4,6,9.5,4
13,花蓮,薔密,2008/9/28,22.8,9,39.6,13,238,3
13,花蓮,薔密,2008/9/27,11.6,6,20.6,8,7.9,4
13,花蓮,哈格比,2008/9/23,8.6,5,14,7,17,4
13,花蓮,哈格比,2008/9/22,8,5,14.6,7,30.5,4
13,花蓮,辛樂克,2008/9/16,4,3,7,4,0,4
13,花蓮,辛樂克,2008/9/15,4.7,3,6.7,4,32.5,4
13,花蓮,辛樂克,2008/9/14,12.1,6,19.8,8,36.5,2
13,花蓮,辛樂克,2008/9/13,10.3,5,15.1,7,26,2
13,花蓮,辛樂克,2008/9/12,11.8,6,17.9,8,22.5,4
13,花蓮,如麗,2008/8/21,9.9,5,14.4,7,0,4
13,花蓮,如麗,2008/8/20,6.8,4,8.9,5,0.2,4
13,花蓮,鳳凰,2008/7/29,15.6,7,22.8,9,70.5,1
13,花蓮,鳳凰,2008/7/28,20,8,35,12,263.5,3
13,花蓮,鳳凰,2008/7/27,16.1,7,25.3,10,71,3
13,花蓮,卡玫基,2008/7/18,7.8,4,12,6,55.5,4
13,花蓮,卡玫基,2008/7/17,13.5,6,24.4,9,156.5,4
13,花蓮,米塔,2007/11/27,13.6,6,27.2,10,44,1
13,花蓮,柯羅莎,2007/10/7,10.2,5,13.9,7,1.5,4
13,花蓮,柯羅莎,2007/10/6,22.7,9,41.1,13,67,3
13,花蓮,柯羅莎,2007/10/5,14.8,7,26.3,10,11.2,1
13,花蓮,韋帕,2007/9/19,5.7,4,8.3,5,15,4
13,花蓮,韋帕,2007/9/18,5.8,4,8,5,16.5,4
13,花蓮,聖帕,2007/8/19,14,7,21.3,9,42,1
13,花蓮,聖帕,2007/8/18,22.2,9,30.3,11,204.5,3
13,花蓮,聖帕,2007/8/17,13.5,6,27.1,10,92.5,3
13,花蓮,梧提,2007/8/9,8.6,5,10.6,5,9.5,2
13,花蓮,帕布,2007/8/8,7.8,4,13.3,6,205.5,4
13,花蓮,帕布,2007/8/7,8.4,5,14.4,7,232,4
13,花蓮,珊珊,2006/9/16,6.6,4,10,5,2.5,4
13,花蓮,珊珊,2006/9/15,9.4,5,18.1,8,12,4
13,花蓮,桑美,2006/8/10,10.1,5,11.9,6,0,4
13,花蓮,寶發,2006/8/9,9,5,15.7,7,125.5,4
13,花蓮,寶發,2006/8/8,9.5,5,20.1,8,66,4
13,花蓮,凱米,2006/7/26,10.4,5,13.9,7,32,4
13,花蓮,凱米,2006/7/25,15.3,7,22.9,9,38,3
13,花蓮,凱米,2006/7/24,13.4,6,19.2,8,28.5,4
13,花蓮,碧利斯,2006/7/15,13.9,7,21.5,9,45.5,1
13,花蓮,碧利斯,2006/7/14,13.1,6,18.4,8,16.5,4
13,花蓮,碧利斯,2006/7/13,14.7,7,26.4,10,26,3
13,花蓮,艾維尼,2006/7/9,4.5,3,6.5,4,1.5,4
13,花蓮,艾維尼,2006/7/8,5.7,4,7.3,4,0,4
13,花蓮,珍珠,2006/5/18,10.2,5,15.9,7,9,4
13,花蓮,珍珠,2006/5/17,12.1,6,15.4,7,127.5,4
14,臺東,天鵝,2015/8/23,3.4,3,8.6,5,0.6,4
14,臺東,天鵝,2015/8/22,5.1,3,12.4,6,73.6,4
14,臺東,天鵝,2015/8/21,6.2,4,14.5,7,17.5,4
14,臺東,蘇迪勒,2015/8/9,5.9,4,13.9,7,0,4
14,臺東,蘇迪勒,2015/8/8,10.6,5,26.5,10,21,3
14,臺東,蘇迪勒,2015/8/7,4.2,3,11.4,6,4.8,2
14,臺東,昌鴻,2015/7/11,6.3,4,14.4,7,0,4
14,臺東,昌鴻,2015/7/10,3.4,3,7.8,4,0,4
14,臺東,蓮花,2015/7/9,3.1,2,8.6,5,0.5,4
14,臺東,蓮花,2015/7/8,5.5,4,13.4,6,83.5,4
14,臺東,蓮花,2015/7/7,3,2,8,5,34.8,4
14,臺東,紅霞,2015/5/11,4.5,3,10,5,26.5,4
14,臺東,鳳凰,2014/9/22,6.8,4,16.4,7,0,4
14,臺東,鳳凰,2014/9/21,7.6,4,22.5,9,174.5,2
14,臺東,鳳凰,2014/9/20,2.9,2,7,4,57.5,2
14,臺東,麥德姆,2014/7/23,11.9,6,26.6,10,85.5,3
14,臺東,麥德姆,2014/7/22,10.6,5,25.2,10,108.5,3
14,臺東,哈吉貝,2014/6/15,2.6,2,6.9,4,54.5,4
14,臺東,菲特,2013/10/7,3.3,2,7.8,4,0.1,4
14,臺東,菲特,2013/10/6,3.6,3,8,5,0,4
14,臺東,菲特,2013/10/5,2.8,2,6.4,4,0,4
14,臺東,天兔,2013/9/22,5.3,3,12.5,6,31.5,4
14,臺東,天兔,2013/9/21,8.8,5,24.5,10,185,3
14,臺東,天兔,2013/9/20,7.3,4,16.6,7,1.6,4
14,臺東,康芮,2013/8/29,6,4,17.6,8,20.5,4
14,臺東,康芮,2013/8/28,3.4,3,9.2,5,2.9,4
14,臺東,潭美,2013/8/22,7.6,4,16.8,7,6.9,4
14,臺東,潭美,2013/8/21,6.3,4,14.1,7,5,4
14,臺東,西馬隆,2013/7/18,2.5,2,5.6,4,48,4
14,臺東,蘇力,2013/7/13,6.8,4,20.5,8,12,2
14,臺東,蘇力,2013/7/12,3.6,3,7.9,4,0,4
14,臺東,杰拉華,2012/9/28,4.8,3,11.3,6,0,4
14,臺東,天秤,2012/8/28,8.6,5,19.7,8,36,2
14,臺東,天秤,2012/8/27,4.5,3,10.7,5,66.7,4
14,臺東,天秤,2012/8/25,5.5,4,11.4,6,50.4,4
14,臺東,天秤,2012/8/24,15.3,7,33.9,12,221.5,3
14,臺東,天秤,2012/8/23,7.4,4,20.4,8,40.6,2
14,臺東,天秤,2012/8/22,3.2,2,6.4,4,0,4
14,臺東,啟德,2012/8/15,5,3,10.1,5,37,4
14,臺東,海葵,2012/8/7,3.5,3,5.5,4,0,4
14,臺東,蘇拉,2012/8/3,6,4,13.7,6,0,4
14,臺東,蘇拉,2012/8/2,6.3,4,17.5,8,2.8,4
14,臺東,蘇拉,2012/8/1,5.5,4,13.9,7,9.5,4
14,臺東,蘇拉,2012/7/31,6.3,4,17.5,8,27,4
14,臺東,杜蘇芮,2012/6/29,3.5,3,7.3,4,20,4
14,臺東,泰利,2012/6/21,4.8,3,12,6,13.5,4
14,臺東,泰利,2012/6/20,7.3,4,15.5,7,68,2
14,臺東,南瑪都,2011/8/31,4.7,3,12.7,6,9,4
14,臺東,南瑪都,2011/8/30,7.2,4,14.3,7,30.5,4
14,臺東,南瑪都,2011/8/29,7.9,4,16.8,7,58.5,2
14,臺東,南瑪都,2011/8/28,7.6,4,17,7,236.5,2
14,臺東,梅花,2011/8/6,2.9,2,5.3,3,0,4
14,臺東,梅花,2011/8/5,2.7,2,5.7,4,0,4
14,臺東,米雷,2011/6/25,5.5,4,11.9,6,2.5,4
14,臺東,米雷,2011/6/24,6.3,4,13.8,6,5,4
14,臺東,桑達,2011/5/28,5.2,3,12.7,6,8,4
14,臺東,艾利,2011/5/10,5.3,3,12.1,6,15.3,4
14,臺東,梅姬,2010/10/23,4.2,3,8,5,6.2,2
14,臺東,梅姬,2010/10/22,5.1,3,11.7,6,67.5,2
14,臺東,凡那比,2010/9/20,6.1,4,13.4,6,75.1,2
14,臺東,凡那比,2010/9/19,11.9,6,25.8,10,115.1,3
14,臺東,凡那比,2010/9/18,2.9,2,5.7,4,0,2
14,臺東,莫蘭蒂,2010/9/10,4.2,3,11.7,6,25.5,4
14,臺東,萊羅克,2010/9/2,3.8,3,7.1,4,44.5,4
14,臺東,萊羅克,2010/9/1,8.1,5,17.5,8,100,4
14,臺東,南修,2010/8/31,8.6,5,17.1,7,5.5,4
14,臺東,芭瑪,2009/10/6,7.1,4,14,7,26.5,4
14,臺東,芭瑪,2009/10/5,3.6,3,7.6,4,67,4
14,臺東,芭瑪,2009/10/4,6.9,4,14.6,7,31.5,4
14,臺東,莫拉克,2009/8/10,8.6,5,17.3,8,0,4
14,臺東,莫拉克,2009/8/9,10.4,5,22.1,9,29.5,2
14,臺東,莫拉克,2009/8/8,13.2,6,26.3,10,68,3
14,臺東,莫拉克,2009/8/7,7.5,4,16.1,7,42.8,2
14,臺東,莫拉克,2009/8/6,2.7,2,5.2,3,0,4
14,臺東,莫拉菲,2009/7/18,5.7,4,12.4,6,36.4,4
14,臺東,蓮花,2009/6/22,5.6,4,15.3,7,0.3,4
14,臺東,蓮花,2009/6/21,9.3,5,17.7,8,29.9,4
14,臺東,薔密,2008/9/29,9.8,5,20.9,9,7,2
14,臺東,薔密,2008/9/28,8.7,5,23.4,9,46.5,2
14,臺東,薔密,2008/9/27,7.3,4,16.6,7,1,4
14,臺東,哈格比,2008/9/23,6.5,4,13.5,6,71.9,4
14,臺東,哈格比,2008/9/22,7.9,4,17.1,7,73.5,4
14,臺東,辛樂克,2008/9/16,3.5,3,5.7,4,0,4
14,臺東,辛樂克,2008/9/15,8.6,5,17.5,8,0,4
14,臺東,辛樂克,2008/9/14,8.2,5,24.5,10,24,3
14,臺東,辛樂克,2008/9/13,5.3,3,14.1,7,3.1,4
14,臺東,辛樂克,2008/9/12,5.5,4,14.7,7,4.5,4
14,臺東,如麗,2008/8/21,4.3,3,10.3,5,14.1,4
14,臺東,如麗,2008/8/20,4.7,3,10.2,5,5.7,4
14,臺東,鳳凰,2008/7/29,9.1,5,18.6,8,61.5,4
14,臺東,鳳凰,2008/7/28,12.1,6,25.4,10,17,3
14,臺東,鳳凰,2008/7/27,6.9,4,15.1,7,9,2
14,臺東,卡玫基,2008/7/18,7.9,4,20.8,9,15.5,4
14,臺東,卡玫基,2008/7/17,6.7,4,17.5,8,4,4
14,臺東,米塔,2007/11/27,8.2,5,19.3,8,92,4
14,臺東,柯羅莎,2007/10/7,8.5,5,23.1,9,0.5,4
14,臺東,柯羅莎,2007/10/6,10.1,5,24.9,10,0.5,1
14,臺東,柯羅莎,2007/10/5,7.3,4,18.4,8,1.2,4
14,臺東,韋帕,2007/9/19,5.3,3,14.7,7,4.5,4
14,臺東,韋帕,2007/9/18,5.2,3,11.5,6,7.7,4
14,臺東,聖帕,2007/8/19,8.7,5,20.1,8,11.5,4
14,臺東,聖帕,2007/8/18,13.9,7,27.7,10,60,3
14,臺東,聖帕,2007/8/17,9.1,5,25.4,10,21.7,3
14,臺東,梧提,2007/8/9,4.5,3,14.5,7,60.7,2
14,臺東,帕布,2007/8/8,6.8,4,14.6,7,32.6,2
14,臺東,帕布,2007/8/7,7.8,4,17.6,8,58.5,4
14,臺東,珊珊,2006/9/16,4.3,3,10.3,5,9.1,4
14,臺東,珊珊,2006/9/15,5.2,3,11.3,6,0,4
14,臺東,桑美,2006/8/10,5,3,10.2,5,0,4
14,臺東,寶發,2006/8/9,5.2,3,11.8,6,171.5,4
14,臺東,寶發,2006/8/8,3.9,3,8.4,5,20.4,4
14,臺東,凱米,2006/7/26,3.8,3,10.1,5,200.2,4
14,臺東,凱米,2006/7/25,13.6,6,26.3,10,46,3
14,臺東,凱米,2006/7/24,9,5,26.5,10,67.4,3
14,臺東,碧利斯,2006/7/15,8.2,5,15.2,7,14,4
14,臺東,碧利斯,2006/7/14,9.6,5,19,8,104.5,4
14,臺東,碧利斯,2006/7/13,4.5,3,8.8,5,2.7,2
14,臺東,艾維尼,2006/7/9,3.4,3,7.1,4,5.2,4
14,臺東,艾維尼,2006/7/8,3.3,2,6.8,4,0,4
14,臺東,珍珠,2006/5/18,9.1,5,17.9,8,12.5,4
14,臺東,珍珠,2006/5/17,5.8,4,13.1,6,70.5,4
15,澎湖,天鵝,2015/8/23,9,5,16.3,7,0,4
15,澎湖,天鵝,2015/8/22,8,5,15.7,7,0,4
15,澎湖,天鵝,2015/8/21,7.6,4,13.8,6,0,4
15,澎湖,蘇迪勒,2015/8/9,12.2,6,21.6,9,85.4,2
15,澎湖,蘇迪勒,2015/8/8,18.7,8,32.9,12,220.3,3
15,澎湖,蘇迪勒,2015/8/7,14.4,7,30.2,11,0,3
15,澎湖,昌鴻,2015/7/11,7.3,4,12.2,6,0,4
15,澎湖,昌鴻,2015/7/10,8.5,5,15.7,7,0.7,4
15,澎湖,蓮花,2015/7/9,7.1,4,14.2,7,0,4
15,澎湖,蓮花,2015/7/8,6.6,4,13.1,6,5.1,4
15,澎湖,蓮花,2015/7/7,6.5,4,12.1,6,2.9,4
15,澎湖,紅霞,2015/5/11,5.4,3,10.3,5,0,4
15,澎湖,鳳凰,2014/9/22,5.4,3,8.1,5,0,4
15,澎湖,鳳凰,2014/9/21,11.1,6,22.5,9,1.1,2
15,澎湖,鳳凰,2014/9/20,9.8,5,19.4,8,3.8,4
15,澎湖,麥德姆,2014/7/23,14.6,7,23.2,9,260.5,3
15,澎湖,麥德姆,2014/7/22,10.8,6,20.9,9,0,4
15,澎湖,哈吉貝,2014/6/15,5.6,4,11.7,6,50.9,4
15,澎湖,菲特,2013/10/7,4.4,3,7.3,4,0,4
15,澎湖,菲特,2013/10/6,8.2,5,18.5,8,0,4
15,澎湖,菲特,2013/10/5,9.4,5,18.8,8,0,4
15,澎湖,天兔,2013/9/22,12.1,6,26.1,10,6.4,1
15,澎湖,天兔,2013/9/21,11.6,6,27.1,10,0.2,3
15,澎湖,天兔,2013/9/20,9.9,5,21.5,9,0,4
15,澎湖,康芮,2013/8/29,7.7,4,12.2,6,29.4,4
15,澎湖,康芮,2013/8/28,6.9,4,13.4,6,0.6,4
15,澎湖,潭美,2013/8/22,8.6,5,16.1,7,15.6,4
15,澎湖,潭美,2013/8/21,8.1,5,16.5,7,60,4
15,澎湖,西馬隆,2013/7/18,7.3,4,13.8,6,2.5,4
15,澎湖,蘇力,2013/7/13,10.8,6,19.4,8,43.2,2
15,澎湖,蘇力,2013/7/12,7.2,4,14.1,7,0,4
15,澎湖,杰拉華,2012/9/28,10.7,5,22.7,9,0,4
15,澎湖,天秤,2012/8/28,5.8,4,10.2,5,0,4
15,澎湖,天秤,2012/8/27,4.5,3,8.5,5,0,4
15,澎湖,天秤,2012/8/25,11.3,6,21.5,9,8.7,4
15,澎湖,天秤,2012/8/24,10.9,6,22.9,9,3.6,2
15,澎湖,天秤,2012/8/23,10.2,5,19.6,8,0.4,4
15,澎湖,天秤,2012/8/22,6.3,4,12.3,6,0,4
15,澎湖,啟德,2012/8/15,4.3,3,8.1,5,0,4
15,澎湖,海葵,2012/8/7,3.5,3,5.7,4,0.1,4
15,澎湖,蘇拉,2012/8/3,6.3,4,12.4,6,0,4
15,澎湖,蘇拉,2012/8/2,10.5,5,21,9,87.3,2
15,澎湖,蘇拉,2012/8/1,12.5,6,26.9,10,0.9,1
15,澎湖,蘇拉,2012/7/31,10.3,5,21.9,9,0.7,4
15,澎湖,杜蘇芮,2012/6/29,6.2,4,11.5,6,0.3,4
15,澎湖,泰利,2012/6/21,6.2,4,10.9,6,29.2,4
15,澎湖,泰利,2012/6/20,20.6,8,35.9,12,69.5,3
15,澎湖,南瑪都,2011/8/31,7.3,4,14.3,7,11.7,4
15,澎湖,南瑪都,2011/8/30,11.1,6,17,7,65.1,4
15,澎湖,南瑪都,2011/8/29,10.2,5,21.1,9,64.6,2
15,澎湖,南瑪都,2011/8/28,9,5,17.5,8,0,4
15,澎湖,梅花,2011/8/6,4,3,7.1,4,0,4
15,澎湖,梅花,2011/8/5,3.9,3,7.5,4,0,4
15,澎湖,米雷,2011/6/25,4.6,3,9.4,5,0,4
15,澎湖,米雷,2011/6/24,7.3,4,15.3,7,0,4
15,澎湖,桑達,2011/5/28,11.1,6,22.2,9,0.3,4
15,澎湖,艾利,2011/5/10,3.6,3,6.1,4,0,4
15,澎湖,梅姬,2010/10/23,12.3,6,24.9,10,26.2,3
15,澎湖,梅姬,2010/10/22,12.2,6,24.5,10,18,3
15,澎湖,凡那比,2010/9/20,20.5,8,38.6,13,99,3
15,澎湖,凡那比,2010/9/19,11.4,6,25.4,10,36,3
15,澎湖,凡那比,2010/9/18,6.2,4,12.5,6,0,4
15,澎湖,莫蘭蒂,2010/9/10,13,6,21.5,9,18.4,4
15,澎湖,萊羅克,2010/9/2,8.9,5,18.8,8,19,4
15,澎湖,萊羅克,2010/9/1,9.4,5,18.6,8,12,2
15,澎湖,南修,2010/8/31,4.3,3,8.4,5,5.5,4
15,澎湖,芭瑪,2009/10/6,12.4,6,26.1,10,0,1
15,澎湖,芭瑪,2009/10/5,11.4,6,21.9,9,11.1,4
15,澎湖,芭瑪,2009/10/4,12.2,6,24.6,10,0,1
15,澎湖,莫拉克,2009/8/10,7.5,4,15.7,7,10.7,4
15,澎湖,莫拉克,2009/8/9,15.9,7,25.6,10,109,1
15,澎湖,莫拉克,2009/8/8,16.9,7,28.4,10,272,1
15,澎湖,莫拉克,2009/8/7,11.6,6,24.4,9,36,2
15,澎湖,莫拉克,2009/8/6,7.8,4,16.1,7,17.5,4
15,澎湖,莫拉菲,2009/7/18,11.9,6,22.3,9,0,4
15,澎湖,蓮花,2009/6/22,11.8,6,20.4,8,14,4
15,澎湖,蓮花,2009/6/21,15.3,7,29.2,11,96.5,3
15,澎湖,薔密,2008/9/29,13.3,6,18.3,8,66.5,2
15,澎湖,薔密,2008/9/28,14.6,7,30.3,11,30.5,3
15,澎湖,薔密,2008/9/27,12,6,23.6,9,0,4
15,澎湖,哈格比,2008/9/23,6.7,4,12.6,6,0.4,4
15,澎湖,哈格比,2008/9/22,8.6,5,17.4,8,0,4
15,澎湖,辛樂克,2008/9/16,2.8,2,4.6,3,0,4
15,澎湖,辛樂克,2008/9/15,4.1,3,9.7,5,0,4
15,澎湖,辛樂克,2008/9/14,8.9,5,15.6,7,21.5,4
15,澎湖,辛樂克,2008/9/13,10.3,5,21.3,9,4.2,4
15,澎湖,辛樂克,2008/9/12,9.8,5,19.3,8,0,4
15,澎湖,如麗,2008/8/21,8,5,17.5,8,1.2,4
15,澎湖,如麗,2008/8/20,3.4,3,6.6,4,0,4
15,澎湖,鳳凰,2008/7/29,13.9,7,24,9,78,3
15,澎湖,鳳凰,2008/7/28,16,7,25.6,10,186,3
15,澎湖,鳳凰,2008/7/27,12,6,23.8,9,0,4
15,澎湖,卡玫基,2008/7/18,9.3,5,16.9,7,429.5,2
15,澎湖,卡玫基,2008/7/17,7.9,4,14.1,7,1.5,4
15,澎湖,米塔,2007/11/27,14.2,7,31.9,11,3,1
15,澎湖,柯羅莎,2007/10/7,12.1,6,21.7,9,132.5,4
15,澎湖,柯羅莎,2007/10/6,13.9,7,27.5,10,36.5,1
15,澎湖,柯羅莎,2007/10/5,11.6,6,24.7,10,0,1
15,澎湖,韋帕,2007/9/19,4.3,3,7.7,4,0,4
15,澎湖,韋帕,2007/9/18,8.6,5,16.9,7,4.5,4
15,澎湖,聖帕,2007/8/19,8.5,5,17,7,76,4
15,澎湖,聖帕,2007/8/18,14.7,7,35,12,34.5,3
15,澎湖,聖帕,2007/8/17,8.9,5,20,8,0,4
15,澎湖,梧提,2007/8/9,7.7,4,14.3,7,2.5,4
15,澎湖,帕布,2007/8/8,8.9,5,17.3,8,1,4
15,澎湖,帕布,2007/8/7,7.8,4,14.4,7,0,4
15,澎湖,珊珊,2006/9/16,7,4,14.3,7,2.6,4
15,澎湖,珊珊,2006/9/15,7.8,4,15.8,7,0,4
15,澎湖,桑美,2006/8/10,4.8,3,8.4,5,10,4
15,澎湖,寶發,2006/8/9,8.3,5,17.7,8,9,4
15,澎湖,寶發,2006/8/8,7.9,4,16,7,0,4
15,澎湖,凱米,2006/7/26,10.4,5,18.2,8,128.5,4
15,澎湖,凱米,2006/7/25,15.2,7,25.6,10,128,3
15,澎湖,凱米,2006/7/24,10.1,5,18.7,8,0,4
15,澎湖,碧利斯,2006/7/15,9.8,5,23,9,48,4
15,澎湖,碧利斯,2006/7/14,13.6,6,23.6,9,127.5,2
15,澎湖,碧利斯,2006/7/13,11,6,22.7,9,14,4
15,澎湖,艾維尼,2006/7/9,6.4,4,9.7,5,0,4
15,澎湖,艾維尼,2006/7/8,4.7,3,7.6,4,0,4
15,澎湖,珍珠,2006/5/18,14.8,7,24.2,9,20.5,3
15,澎湖,珍珠,2006/5/17,10.8,6,21.3,9,19,4
16,金門,天鵝,2015/8/23,4.6,3,9.9,5,2.7,4
16,金門,天鵝,2015/8/22,6.1,4,16.4,7,0,4
16,金門,天鵝,2015/8/21,5.1,3,11.6,6,0,4
16,金門,蘇迪勒,2015/8/9,8.3,5,21.4,9,3.6,2
16,金門,蘇迪勒,2015/8/8,11,6,22.1,9,7.3,2
16,金門,蘇迪勒,2015/8/7,6.9,4,14.4,7,0,4
16,金門,昌鴻,2015/7/11,9.2,5,12.1,6,0,4
16,金門,昌鴻,2015/7/10,4.3,3,8.6,5,0,4
16,金門,蓮花,2015/7/9,7.3,4,16.8,7,0.4,4
16,金門,蓮花,2015/7/8,6.6,4,14.6,7,0.8,4
16,金門,蓮花,2015/7/7,4.8,3,10.4,5,0,4
16,金門,紅霞,2015/5/11,4,3,7.1,4,0,4
16,金門,鳳凰,2014/9/22,3.6,3,6.7,4,0.2,4
16,金門,鳳凰,2014/9/21,4.9,3,12.8,6,0,4
16,金門,鳳凰,2014/9/20,5.5,4,12.8,6,0,4
16,金門,麥德姆,2014/7/23,12.7,6,21.1,9,57.2,2
16,金門,麥德姆,2014/7/22,6.4,4,14.9,7,0,4
16,金門,哈吉貝,2014/6/15,5.8,4,12.7,6,6.6,4
16,金門,菲特,2013/10/7,9.9,5,12.6,6,0,4
16,金門,菲特,2013/10/6,6.3,4,10.6,5,0,4
16,金門,菲特,2013/10/5,4.2,3,7.9,4,0,4
16,金門,天兔,2013/9/22,10.7,5,25.7,10,16.4,3
16,金門,天兔,2013/9/21,11.6,6,26.3,10,0,3
16,金門,天兔,2013/9/20,6.2,4,14.6,7,0,4
16,金門,康芮,2013/8/29,15.4,7,21.6,9,14.4,1
16,金門,康芮,2013/8/28,5.5,4,10.1,5,0,4
16,金門,潭美,2013/8/22,8.6,5,13.9,7,7.3,2
16,金門,潭美,2013/8/21,7.5,4,11,6,14.1,4
16,金門,西馬隆,2013/7/18,7.2,4,14,7,22.8,4
16,金門,蘇力,2013/7/13,13.2,6,21.8,9,118.4,2
16,金門,蘇力,2013/7/12,4.5,3,10,5,0,4
16,金門,杰拉華,2012/9/28,5.3,3,11.7,6,0,4
16,金門,天秤,2012/8/28,6.3,4,11.1,6,0,4
16,金門,天秤,2012/8/27,4.1,3,7.1,4,0,4
16,金門,天秤,2012/8/25,8,5,18.9,8,22.3,4
16,金門,天秤,2012/8/24,8.1,5,19.5,8,0,4
16,金門,天秤,2012/8/23,5.6,4,12.2,6,0,4
16,金門,天秤,2012/8/22,5.3,3,10.2,5,0,4
16,金門,啟德,2012/8/15,6.7,4,16.6,7,0,4
16,金門,海葵,2012/8/7,3.2,2,5.9,4,0,4
16,金門,蘇拉,2012/8/3,7.5,4,12.9,6,0.3,4
16,金門,蘇拉,2012/8/2,4.8,3,8,5,3.2,4
16,金門,蘇拉,2012/8/1,6,4,13.2,6,0,4
16,金門,蘇拉,2012/7/31,4.8,3,10.3,5,0,4
16,金門,杜蘇芮,2012/6/29,4.7,3,9.7,5,1.3,4
16,金門,泰利,2012/6/21,3.9,3,9.1,5,0.2,4
16,金門,泰利,2012/6/20,8.3,5,19.7,8,48.4,2
16,金門,南瑪都,2011/8/31,8.3,5,10.8,6,68.3,4
16,金門,南瑪都,2011/8/30,7.7,4,14.1,7,55.6,2
16,金門,南瑪都,2011/8/29,8.8,5,17.4,8,23,4
16,金門,南瑪都,2011/8/28,8.2,5,18.3,8,0,4
16,金門,梅花,2011/8/6,5.2,3,8.5,5,0,4
16,金門,梅花,2011/8/5,3.7,3,6.8,4,0,4
16,金門,米雷,2011/6/25,10.3,5,15.9,7,17.5,4
16,金門,米雷,2011/6/24,5.6,4,11.2,6,11.6,4
16,金門,桑達,2011/5/28,6.4,4,12.2,6,0,4
16,金門,艾利,2011/5/10,5.1,3,8.2,5,0,4
16,金門,梅姬,2010/10/23,10.2,5,22.6,9,110.5,2
16,金門,梅姬,2010/10/22,9.6,5,22.4,9,13.4,2
16,金門,凡那比,2010/9/20,17.1,7,31.9,11,49,3
16,金門,凡那比,2010/9/19,9.3,5,22.6,9,0,4
16,金門,凡那比,2010/9/18,6,4,7.4,4,1.6,4
16,金門,莫蘭蒂,2010/9/10,16.5,7,22,9,20.6,3
16,金門,萊羅克,2010/9/2,8.2,5,16.5,7,19.1,4
16,金門,萊羅克,2010/9/1,4.7,3,10.2,5,15.9,4
16,金門,南修,2010/8/31,6.5,4,13.2,6,7.2,4
16,金門,芭瑪,2009/10/6,8.8,5,20.4,8,0,4
16,金門,芭瑪,2009/10/5,7.5,4,15.9,7,0,4
16,金門,芭瑪,2009/10/4,7.1,4,18.1,8,0,4
16,金門,莫拉克,2009/8/10,7.7,4,15,7,18,4
16,金門,莫拉克,2009/8/9,14.6,7,18.4,8,56.5,1
16,金門,莫拉克,2009/8/8,12.7,6,23.8,9,7.9,4
16,金門,莫拉克,2009/8/7,8.3,5,14.4,7,5.9,4
16,金門,莫拉克,2009/8/6,4,3,7.3,4,14,4
16,金門,莫拉菲,2009/7/18,7,4,17.2,8,0.2,4
16,金門,蓮花,2009/6/22,18.4,8,28,10,82.4,1
16,金門,蓮花,2009/6/21,17.8,8,28.7,11,28.5,3
16,金門,薔密,2008/9/29,9.3,5,11.7,6,0.7,4
16,金門,薔密,2008/9/28,7,4,14.7,7,0,4
16,金門,薔密,2008/9/27,8.9,5,21.8,9,0,4
16,金門,哈格比,2008/9/23,9.8,5,25,10,0.8,1
16,金門,哈格比,2008/9/22,9.6,5,20.6,8,0,4
16,金門,辛樂克,2008/9/16,4.8,3,9,5,0,4
16,金門,辛樂克,2008/9/15,9.1,5,11.2,6,1,4
16,金門,辛樂克,2008/9/14,6.9,4,9.7,5,0,4
16,金門,辛樂克,2008/9/13,5.7,4,10.1,5,2.7,4
16,金門,辛樂克,2008/9/12,4,3,8.5,5,0,4
16,金門,如麗,2008/8/21,3.9,3,8.5,5,0,4
16,金門,如麗,2008/8/20,6.4,4,12,6,0,4
16,金門,鳳凰,2008/7/29,11.5,6,23.2,9,88,2
16,金門,鳳凰,2008/7/28,15.7,7,19.9,8,17.8,3
16,金門,鳳凰,2008/7/27,6.5,4,13.6,6,0,4
16,金門,卡玫基,2008/7/18,13.3,6,20.9,9,61.4,4
16,金門,卡玫基,2008/7/17,3.6,3,6,4,0,4
16,金門,米塔,2007/11/27,7.5,4,16.8,7,1.4,4
16,金門,柯羅莎,2007/10/7,13.3,6,16.6,7,4.9,4
16,金門,柯羅莎,2007/10/6,7,4,11.4,6,0.5,4
16,金門,柯羅莎,2007/10/5,8.4,5,18.3,8,0,4
16,金門,韋帕,2007/9/19,7.4,4,10.1,5,0,4
16,金門,韋帕,2007/9/18,6.7,4,13.2,6,0,4
16,金門,聖帕,2007/8/19,13.4,6,17.8,8,26.5,2
16,金門,聖帕,2007/8/18,10.9,6,23.4,9,48,2
16,金門,聖帕,2007/8/17,8.2,5,18.2,8,0,4
16,金門,梧提,2007/8/9,6.5,4,15.1,7,2.4,4
16,金門,帕布,2007/8/8,9.2,5,21.1,9,3,4
16,金門,帕布,2007/8/7,7.7,4,16.9,7,0,4
16,金門,珊珊,2006/9/16,5.7,4,7.1,4,0.1,4
16,金門,珊珊,2006/9/15,4.8,3,9.3,5,0,4
16,金門,桑美,2006/8/10,5.1,3,10.7,5,0,4
16,金門,寶發,2006/8/9,8.8,5,18.6,8,0,4
16,金門,寶發,2006/8/8,6,4,13.1,6,0.2,4
16,金門,凱米,2006/7/26,11.7,6,19.8,8,16,4
16,金門,凱米,2006/7/25,13.1,6,26.9,10,70.5,3
16,金門,凱米,2006/7/24,6.2,4,13.8,6,0,4
16,金門,碧利斯,2006/7/15,12.2,6,24.5,10,116.5,1
16,金門,碧利斯,2006/7/14,14.1,7,19.5,8,31,1
16,金門,碧利斯,2006/7/13,7.1,4,14.9,7,2.5,4
16,金門,艾維尼,2006/7/9,4.4,3,9.2,5,0,4
16,金門,艾維尼,2006/7/8,4.4,3,8.9,5,0,4
16,金門,珍珠,2006/5/18,13.9,7,24.8,10,169.5,3
16,金門,珍珠,2006/5/17,15.3,7,31.5,11,87.5,1
17,馬祖,天鵝,2015/8/23,6,4,14.2,7,0.9,4
17,馬祖,天鵝,2015/8/22,7.2,4,14,7,0,4
17,馬祖,天鵝,2015/8/21,6.5,4,12.6,6,0,4
17,馬祖,蘇迪勒,2015/8/9,9.8,5,20.8,9,65.5,4
17,馬祖,蘇迪勒,2015/8/8,22.2,9,48.9,15,84,3
17,馬祖,蘇迪勒,2015/8/7,9.5,5,22.8,9,2.7,4
17,馬祖,昌鴻,2015/7/11,10.2,5,17,7,2,4
17,馬祖,昌鴻,2015/7/10,9.4,5,16,7,0,2
17,馬祖,蓮花,2015/7/9,7.2,4,16.5,7,0,4
17,馬祖,蓮花,2015/7/8,7.6,4,18.1,8,0,4
17,馬祖,蓮花,2015/7/7,5.8,4,13.9,7,1.8,4
17,馬祖,紅霞,2015/5/11,4.6,3,8.7,5,2,4
17,馬祖,鳳凰,2014/9/22,6.9,4,16.3,7,2,4
17,馬祖,鳳凰,2014/9/21,11.9,6,27,10,14,1
17,馬祖,鳳凰,2014/9/20,8.3,5,18.6,8,7.1,4
17,馬祖,麥德姆,2014/7/23,21.1,9,38.7,13,48.5,3
17,馬祖,麥德姆,2014/7/22,6.4,4,13,6,0,4
17,馬祖,哈吉貝,2014/6/15,4.6,3,10.7,5,0,4
17,馬祖,菲特,2013/10/7,11.2,6,21,9,0,2
17,馬祖,菲特,2013/10/6,11.3,6,21,9,0,4
17,馬祖,菲特,2013/10/5,6.5,4,13.5,6,0,4
17,馬祖,天兔,2013/9/22,11.1,6,20.7,8,0.5,4
17,馬祖,天兔,2013/9/21,10.7,5,23.9,9,1.3,4
17,馬祖,天兔,2013/9/20,8,5,18.7,8,1,4
17,馬祖,康芮,2013/8/29,8.9,5,16.4,7,0.5,4
17,馬祖,康芮,2013/8/28,3.8,3,8.4,5,0,4
17,馬祖,潭美,2013/8/22,16.6,7,29.5,11,40.8,3
17,馬祖,潭美,2013/8/21,16.2,7,36.6,12,95.5,3
17,馬祖,西馬隆,2013/7/18,4.5,3,10.9,6,0,4
17,馬祖,蘇力,2013/7/13,14.7,7,30.2,11,24.5,3
17,馬祖,蘇力,2013/7/12,8.5,5,17.7,8,0,4
17,馬祖,杰拉華,2012/9/28,7.9,4,18.2,8,0,4
17,馬祖,天秤,2012/8/28,4,3,8.2,5,0,4
17,馬祖,天秤,2012/8/27,4.5,3,8.4,5,0,4
17,馬祖,天秤,2012/8/25,7.7,4,17,7,0.5,4
17,馬祖,天秤,2012/8/24,7.6,4,21.5,9,2,4
17,馬祖,天秤,2012/8/23,7.6,4,16.9,7,0.5,4
17,馬祖,天秤,2012/8/22,4.3,3,10.1,5,0,4
17,馬祖,啟德,2012/8/15,5.7,4,12.4,6,0,4
17,馬祖,海葵,2012/8/7,6.6,4,11.3,6,0,4
17,馬祖,蘇拉,2012/8/3,11.7,6,21.1,9,78.5,4
17,馬祖,蘇拉,2012/8/2,8.5,5,18.2,8,65,4
17,馬祖,蘇拉,2012/8/1,9.4,5,20.8,9,0.3,4
17,馬祖,蘇拉,2012/7/31,7.3,4,16.7,7,0,4
17,馬祖,杜蘇芮,2012/6/29,5.6,4,12.4,6,1,4
17,馬祖,泰利,2012/6/21,4.6,3,6.7,4,0,4
17,馬祖,泰利,2012/6/20,7.5,4,17.3,8,49,2
17,馬祖,南瑪都,2011/8/31,9.3,5,15.8,7,32.5,4
17,馬祖,南瑪都,2011/8/30,9.3,5,16.9,7,12,4
17,馬祖,南瑪都,2011/8/29,8.3,5,19.2,8,3.8,4
17,馬祖,南瑪都,2011/8/28,7.3,4,16.5,7,7.5,4
17,馬祖,梅花,2011/8/6,7.3,4,13.8,6,0,4
17,馬祖,梅花,2011/8/5,3.9,3,7.1,4,0.7,4
17,馬祖,米雷,2011/6/25,10.4,5,19.6,8,2.1,4
17,馬祖,米雷,2011/6/24,5.8,4,14.3,7,0,4
17,馬祖,桑達,2011/5/28,6.8,4,15.7,7,0,4
17,馬祖,艾利,2011/5/10,3.1,2,6.8,4,0,4
17,馬祖,梅姬,2010/10/23,9.6,5,22.4,9,2.4,4
17,馬祖,梅姬,2010/10/22,10.8,6,23,9,1.5,4
17,馬祖,凡那比,2010/9/20,10.6,5,22.4,9,0,4
17,馬祖,凡那比,2010/9/19,11.1,6,26.3,10,1.7,1
17,馬祖,凡那比,2010/9/18,5.7,4,12.3,6,0,4
17,馬祖,莫蘭蒂,2010/9/10,10.3,5,18.6,8,3.2,4
17,馬祖,萊羅克,2010/9/2,5.9,4,12.1,6,1,4
17,馬祖,萊羅克,2010/9/1,7.6,4,16.7,7,2,4
17,馬祖,南修,2010/8/31,7.8,4,16.1,7,14.5,4
17,馬祖,芭瑪,2009/10/6,9.3,5,19.7,8,0,4
17,馬祖,芭瑪,2009/10/5,11.8,6,26.5,10,5.5,1
17,馬祖,芭瑪,2009/10/4,10,5,21.6,9,0,4
17,馬祖,莫拉克,2009/8/10,13.8,6,25.8,10,8.8,1
17,馬祖,莫拉克,2009/8/9,17.4,8,33.9,12,83.6,3
17,馬祖,莫拉克,2009/8/8,17.8,8,37.3,13,88.4,3
17,馬祖,莫拉克,2009/8/7,13.8,6,30.6,11,4.7,3
17,馬祖,莫拉克,2009/8/6,8.1,5,15.5,7,8.4,4
17,馬祖,莫拉菲,2009/7/18,9.3,5,18.4,8,0,4
17,馬祖,蓮花,2009/6/22,11.9,6,23.1,9,60.3,2
17,馬祖,蓮花,2009/6/21,7.4,4,14.5,7,0,4
17,馬祖,薔密,2008/9/29,16.2,7,30.1,11,20,3
17,馬祖,薔密,2008/9/28,17.6,8,33.5,12,0.6,3
17,馬祖,薔密,2008/9/27,8.9,5,20.3,8,0.5,4
17,馬祖,哈格比,2008/9/23,8.9,5,18.8,8,0,4
17,馬祖,哈格比,2008/9/22,6.7,4,13.4,6,0,4
17,馬祖,辛樂克,2008/9/16,4.1,3,5.8,4,0,4
17,馬祖,辛樂克,2008/9/15,13.7,6,30.3,11,9.5,1
17,馬祖,辛樂克,2008/9/14,14.7,7,31.3,11,73.5,1
17,馬祖,辛樂克,2008/9/13,11.6,6,23.9,9,0,4
17,馬祖,辛樂克,2008/9/12,7.6,4,16.2,7,0,4
17,馬祖,如麗,2008/8/21,10,5,17.1,7,0,4
17,馬祖,如麗,2008/8/20,5.1,3,11,6,0,4
17,馬祖,鳳凰,2008/7/29,13.7,6,28.8,11,106.5,3
17,馬祖,鳳凰,2008/7/28,13.8,6,30.1,11,59,3
17,馬祖,鳳凰,2008/7/27,8,5,19.6,8,0,4
17,馬祖,卡玫基,2008/7/18,15.1,7,27.4,10,27,1
17,馬祖,卡玫基,2008/7/17,5.8,4,12.2,6,0,4
17,馬祖,米塔,2007/11/27,7.7,4,17.9,8,0,4
17,馬祖,柯羅莎,2007/10/7,17.1,7,32.3,11,67.7,3
17,馬祖,柯羅莎,2007/10/6,16.9,7,34.1,12,72,1
17,馬祖,柯羅莎,2007/10/5,9.6,5,22.4,9,0,4
17,馬祖,韋帕,2007/9/19,11.7,6,21.9,9,9.5,4
17,馬祖,韋帕,2007/9/18,10.9,6,22.7,9,6.1,4
17,馬祖,聖帕,2007/8/19,13.2,6,22.1,9,57,2
17,馬祖,聖帕,2007/8/18,17.3,8,29.6,11,37,3
17,馬祖,聖帕,2007/8/17,7,4,16.1,7,0.8,4
17,馬祖,梧提,2007/8/9,9.3,5,18.6,8,0,4
17,馬祖,帕布,2007/8/8,9.1,5,18.2,8,3.6,4
17,馬祖,帕布,2007/8/7,6.7,4,13.8,6,0,4
17,馬祖,珊珊,2006/9/16,6.2,4,15.1,7,41,4
17,馬祖,珊珊,2006/9/15,7.4,4,15.8,7,0,4
17,馬祖,桑美,2006/8/10,13.1,6,28.6,11,9.5,1
17,馬祖,寶發,2006/8/9,6.5,4,14.8,7,0,4
17,馬祖,寶發,2006/8/8,6.3,4,16,7,4,4
17,馬祖,凱米,2006/7/26,8.5,5,16.1,7,5.5,4
17,馬祖,凱米,2006/7/25,12.3,6,21.5,9,20,2
17,馬祖,凱米,2006/7/24,7,4,13.9,7,0,4
17,馬祖,碧利斯,2006/7/15,14.9,7,30.7,11,88,1
17,馬祖,碧利斯,2006/7/14,15.8,7,31.7,11,52.5,1
17,馬祖,碧利斯,2006/7/13,16.1,7,30.9,11,13.4,1
17,馬祖,艾維尼,2006/7/9,7.4,4,11.7,6,0,4
17,馬祖,艾維尼,2006/7/8,4.9,3,10.5,5,0.4,4
17,馬祖,珍珠,2006/5/18,11.6,6,23.7,9,91.5,2
17,馬祖,珍珠,2006/5/17,10.1,5,22.5,9,24.1,4
18,蘭嶼,天鵝,2015/8/23,21.5,9,32.1,11,9.4,1
18,蘭嶼,天鵝,2015/8/22,23.1,9,41.8,14,204.3,3
18,蘭嶼,天鵝,2015/8/21,19.4,8,33.2,12,68.6,3
18,蘭嶼,蘇迪勒,2015/8/9,18.6,8,26,10,0,1
18,蘭嶼,蘇迪勒,2015/8/8,33.8,12,52.6,16,2.3,3
18,蘭嶼,蘇迪勒,2015/8/7,21.4,9,33.2,12,32.5,3
18,蘭嶼,昌鴻,2015/7/11,22.8,9,34.6,12,0,1
18,蘭嶼,昌鴻,2015/7/10,24,9,33.8,12,0,3
18,蘭嶼,蓮花,2015/7/9,4.6,3,11.3,6,1.6,4
18,蘭嶼,蓮花,2015/7/8,13.3,6,21.1,9,48,4
18,蘭嶼,蓮花,2015/7/7,10.3,5,15,7,11.8,4
18,蘭嶼,紅霞,2015/5/11,32.4,11,49.3,15,36.5,3
18,蘭嶼,鳳凰,2014/9/22,17.6,8,24.9,10,0,1
18,蘭嶼,鳳凰,2014/9/21,37.4,13,58.9,17,82,3
18,蘭嶼,鳳凰,2014/9/20,13,6,19,8,11.5,2
18,蘭嶼,麥德姆,2014/7/23,22.5,9,33,12,69.5,3
18,蘭嶼,麥德姆,2014/7/22,33.5,12,60.7,17,298.5,3
18,蘭嶼,哈吉貝,2014/6/15,13.1,6,19.4,8,82.5,4
18,蘭嶼,菲特,2013/10/7,12.4,6,17.9,8,2.8,4
18,蘭嶼,菲特,2013/10/6,18.4,8,23.8,9,0,1
18,蘭嶼,菲特,2013/10/5,16.6,7,26.7,10,1,1
18,蘭嶼,天兔,2013/9/22,14,7,21.1,9,1.5,3
18,蘭嶼,天兔,2013/9/21,34.1,12,50,15,103.6,3
18,蘭嶼,天兔,2013/9/20,39.9,13,65.3,17+,13.4,3
18,蘭嶼,康芮,2013/8/29,25,10,38,13,23,3
18,蘭嶼,康芮,2013/8/28,22.9,9,31.3,11,67,3
18,蘭嶼,潭美,2013/8/22,20.1,8,29.7,11,2.4,1
18,蘭嶼,潭美,2013/8/21,24.8,10,38.1,13,2.5,1
18,蘭嶼,西馬隆,2013/7/18,13.6,6,18.5,8,138.5,4
18,蘭嶼,蘇力,2013/7/13,29.1,11,44.8,14,0,3
18,蘭嶼,蘇力,2013/7/12,27,10,38.9,13,1,1
18,蘭嶼,杰拉華,2012/9/28,20.6,8,44.4,14,35.3,1
18,蘭嶼,天秤,2012/8/28,41.5,14,68.1,17+,56.3,3
18,蘭嶼,天秤,2012/8/27,16.9,7,29.6,11,4.5,1
18,蘭嶼,天秤,2012/8/25,12,6,18.1,8,16,4
18,蘭嶼,天秤,2012/8/24,36.5,12,56.1,17,84.5,3
18,蘭嶼,天秤,2012/8/23,29.1,11,48.8,15,100.5,3
18,蘭嶼,天秤,2012/8/22,12.7,6,25.1,10,0,1
18,蘭嶼,啟德,2012/8/15,12.3,6,17.8,8,22.5,4
18,蘭嶼,海葵,2012/8/7,21.6,9,31.1,11,0,1
18,蘭嶼,蘇拉,2012/8/3,18,8,26.1,10,0,1
18,蘭嶼,蘇拉,2012/8/2,29.5,11,49.6,15,0,3
18,蘭嶼,蘇拉,2012/8/1,17.7,8,34.7,12,54,1
18,蘭嶼,蘇拉,2012/7/31,24.3,9,41.1,13,91.5,1
18,蘭嶼,杜蘇芮,2012/6/29,9.9,5,15.9,7,20,4
18,蘭嶼,泰利,2012/6/21,17.6,8,26.7,10,35,1
18,蘭嶼,泰利,2012/6/20,22.6,9,34.7,12,13.6,3
18,蘭嶼,南瑪都,2011/8/31,17,7,25.5,10,42.7,1
18,蘭嶼,南瑪都,2011/8/30,20.8,9,33.4,12,75.8,1
18,蘭嶼,南瑪都,2011/8/29,27.4,10,41.9,14,78.7,3
18,蘭嶼,南瑪都,2011/8/28,30,11,41.8,14,96.6,3
18,蘭嶼,梅花,2011/8/6,22.2,9,31.3,11,0,1
18,蘭嶼,梅花,2011/8/5,11.5,6,18.8,8,0,4
18,蘭嶼,米雷,2011/6/25,22.6,9,33.3,12,0,1
18,蘭嶼,米雷,2011/6/24,22.8,9,30.9,11,2,1
18,蘭嶼,桑達,2011/5/28,38.7,13,57.3,17,4,1
18,蘭嶼,艾利,2011/5/10,15.6,7,21.8,9,4.6,1
18,蘭嶼,梅姬,2010/10/23,12.7,6,18.2,8,0.5,2
18,蘭嶼,梅姬,2010/10/22,16,7,22.4,9,72,3
18,蘭嶼,凡那比,2010/9/20,17.5,8,27.4,10,7,3
18,蘭嶼,凡那比,2010/9/19,33.8,12,48.7,15,52.5,3
18,蘭嶼,凡那比,2010/9/18,17.1,7,23.2,9,0,3
18,蘭嶼,莫蘭蒂,2010/9/10,16.1,7,24.1,9,0.5,1
18,蘭嶼,萊羅克,2010/9/2,10,5,14.6,7,21,4
18,蘭嶼,萊羅克,2010/9/1,20.3,8,28.9,11,110.5,3
18,蘭嶼,南修,2010/8/31,15.7,7,21.2,9,6,1
18,蘭嶼,芭瑪,2009/10/6,26.9,10,36.3,12,150,1
18,蘭嶼,芭瑪,2009/10/5,11.6,6,16.2,7,0,4
18,蘭嶼,芭瑪,2009/10/4,27.5,10,42.4,14,80.1,1
18,蘭嶼,莫拉克,2009/8/10,21,9,36,12,5,1
18,蘭嶼,莫拉克,2009/8/9,25,10,39.5,13,7.6,3
18,蘭嶼,莫拉克,2009/8/8,38.6,13,72.5,17+,69.8,3
18,蘭嶼,莫拉克,2009/8/7,40.4,13,70,17+,63,3
18,蘭嶼,莫拉克,2009/8/6,21.3,9,36.2,12,1,1
18,蘭嶼,莫拉菲,2009/7/18,14.6,7,28.4,10,0,1
18,蘭嶼,蓮花,2009/6/22,17.9,8,24.6,10,0,1
18,蘭嶼,蓮花,2009/6/21,18.6,8,28.9,11,5.5,1
18,蘭嶼,薔密,2008/9/29,20.8,9,30,11,55.8,3
18,蘭嶼,薔密,2008/9/28,30.3,11,45,14,226.4,3
18,蘭嶼,薔密,2008/9/27,33.8,12,49.8,15,6,1
18,蘭嶼,哈格比,2008/9/23,17.2,8,24.3,9,10.5,1
18,蘭嶼,哈格比,2008/9/22,26.4,10,35.7,12,31.6,1
18,蘭嶼,辛樂克,2008/9/16,17.5,8,24.3,9,0,1
18,蘭嶼,辛樂克,2008/9/15,19.8,8,27.4,10,0.6,1
18,蘭嶼,辛樂克,2008/9/14,34.1,12,46.2,15,0,3
18,蘭嶼,辛樂克,2008/9/13,36.4,12,52.8,16,0,1
18,蘭嶼,辛樂克,2008/9/12,17.9,8,32.9,12,5.1,1
18,蘭嶼,如麗,2008/8/21,16.8,7,24.1,9,0,1
18,蘭嶼,如麗,2008/8/20,14.4,7,19.9,8,2.5,1
18,蘭嶼,鳳凰,2008/7/29,21.1,9,32,11,6.5,1
18,蘭嶼,鳳凰,2008/7/28,32.7,12,46.5,15,37.1,3
18,蘭嶼,鳳凰,2008/7/27,24.1,9,43.5,14,7.5,3
18,蘭嶼,卡玫基,2008/7/18,21.7,9,30.2,11,37.8,1
18,蘭嶼,卡玫基,2008/7/17,25.9,10,36.8,12,39.9,1
18,蘭嶼,米塔,2007/11/27,46.4,15,64.9,17+,92,1
18,蘭嶼,柯羅莎,2007/10/7,23.2,9,34.4,12,0,1
18,蘭嶼,柯羅莎,2007/10/6,35.5,12,53.8,16,23.5,3
18,蘭嶼,柯羅莎,2007/10/5,25.8,10,47.8,15,48.9,1
18,蘭嶼,韋帕,2007/9/19,16.4,7,22.9,9,0,1
18,蘭嶼,韋帕,2007/9/18,28.9,11,42,14,0,1
18,蘭嶼,聖帕,2007/8/19,21.7,9,29.8,11,3.4,1
18,蘭嶼,聖帕,2007/8/18,39.4,13,58.5,17,117,3
18,蘭嶼,聖帕,2007/8/17,31.4,11,60.7,17,157.5,3
18,蘭嶼,梧提,2007/8/9,18.6,8,25.7,10,27,3
18,蘭嶼,帕布,2007/8/8,20.3,8,29.6,11,128,3
18,蘭嶼,帕布,2007/8/7,41.7,14,69.4,17+,143,1
18,蘭嶼,珊珊,2006/9/16,22.7,9,33.3,12,2.5,1
18,蘭嶼,珊珊,2006/9/15,22,9,32,11,1,1
18,蘭嶼,桑美,2006/8/10,9.2,5,12.9,6,2,4
18,蘭嶼,寶發,2006/8/9,19.9,8,25.5,10,54.5,1
18,蘭嶼,寶發,2006/8/8,17.5,8,23.8,9,15.5,1
18,蘭嶼,凱米,2006/7/26,16.9,7,21.5,9,31.5,1
18,蘭嶼,凱米,2006/7/25,29.8,11,43.2,14,42,3
18,蘭嶼,凱米,2006/7/24,30.6,11,42.3,14,124.5,3
18,蘭嶼,碧利斯,2006/7/15,20.4,8,29.9,11,13,1
18,蘭嶼,碧利斯,2006/7/14,29.7,11,47.7,15,66.5,3
18,蘭嶼,碧利斯,2006/7/13,31,11,44.5,14,2,3
18,蘭嶼,艾維尼,2006/7/9,24,9,33.5,12,5.5,1
18,蘭嶼,艾維尼,2006/7/8,24.2,9,34.3,12,0,1
18,蘭嶼,珍珠,2006/5/18,22.3,9,34.6,12,3,1
18,蘭嶼,珍珠,2006/5/17,12.4,6,19.4,8,0,4
